text,chunk_size,embeddings
"
In the historic city of Boston, Clara, a marine biologist and science communicator, began each morning analyzing sonar data to track whale migration patterns along the Atlantic coast.
She spent her afternoons in a university lab, researching CRISPR-based gene editing to restore coral reefs damaged by ocean acidification and warming.
Clara was the daughter of Ukrainian immigrants—Olena and Mykola—who fled their homeland in the late 1980s after the Chernobyl disaster brought instability and fear to their quiet life near Kyiv.

Her father, Mykola, had been a radio engineer at a local observatory, skilled in repairing Soviet-era radio telescopes and radar systems that tracked both weather patterns and cosmic noise.
He often told Clara stories about jury-rigging radio antennas during snowstorms and helping amateur astronomers decode signals from distant pulsars.
Her mother, Olena, was a physics teacher with a hidden love for poetry and dissident literature. In the evenings, she would read from both Ukrainian folklore and banned Western science fiction.
They survived harsh winters, electricity blackouts, and the collapse of the Soviet economy, but always prioritized education and storytelling in their home.
Clara’s childhood was shaped by tales of how her parents shared soldering irons with neighbors, built makeshift telescopes, and taught physics to students with no textbooks but endless curiosity.

Inspired by their resilience and thirst for knowledge, Clara created a podcast called **""Crosscurrents""**, a show that explored the intersection of science, culture, and ethics.
Each week, she interviewed researchers, engineers, artists, and activists—from marine ecologists and AI ethicists to digital archivists preserving endangered languages.
Topics ranged from brain-computer interfaces, neuroplasticity, and climate migration to LLM prompt engineering, decentralized identity, and indigenous knowledge systems.
In one popular episode, she explored how retrieval-augmented generation (RAG) could help scientific researchers find niche studies buried in decades-old journals.
In another, she interviewed a Ukrainian linguist about preserving dialects lost during the Soviet era, drawing parallels to language loss in marine mammal populations.

Clara also used her technical skills to build Python-based dashboards that visualized ocean temperature anomalies and biodiversity loss, often collaborating with her best friend Amir, a data engineer working on smart city infrastructure.
Together, they discussed smart grids, blockchain for sustainability, quantum encryption, and misinformation detection in synthetic media.
At a dockside café near Boston Harbor, they often debated the ethical implications of generative AI, autonomous weapons, and the carbon footprint of LLM training runs.

In quieter moments, Clara translated traditional Ukrainian embroidery patterns into generative AI art, donating proceeds to digital archives preserving Eastern European culture.",2990,"[-0.0024982523, -0.045299288, -0.021802928, -0.022102807, -0.005265513, -0.045122888, -0.011271902, -0.0047186757, 0.0014971873, 0.057364985, -0.020920932, -0.0011631316, -0.006001979, -0.037819967, 0.032545634, 0.022508524, -0.0030120146, 0.015055663, -0.04734552, -0.015302622, -0.02159125, -0.041841865, -0.025771908, 0.021203171, 0.061351605, 0.014588205, 0.014323607, 0.008855235, -0.016052317, -0.020003658, 0.054965958, -0.0101870475, 0.030499404, -0.028364975, -0.016493315, -0.018610105, -0.0031928236, -0.033815708, 0.05083822, -0.007223543, -0.008916974, -0.0272713, 0.03750245, 0.012048058, 0.01558486, -0.0140501885, -0.01936862, -0.011474761, 0.010072389, -0.03683213, -0.0144029865, -0.065832146, 0.036038335, 0.0032832283, 0.005062654, -0.012868314, 0.010936744, -0.042512182, 0.041065708, 0.0005223067, 0.0037528907, 0.011977498, -0.009419711, -0.03501522, 0.009631391, 0.0050273743, 0.0023086232, 0.02926461, -0.05073238, 0.019633219, 0.0156025, 0.012568436, -0.011316002, 0.024360714, 0.0101429485, -0.007078014, 0.014746965, 0.0057947105, -0.028682493, -0.0036117714, 0.015293801, -0.023990277, -0.006786955, -0.015187962, 0.017772209, 0.036232375, 0.0061827884, -0.0980779, 0.03718493, 0.0034640373, -0.011880479, 0.016299276, 0.013970808, 0.009000764, -0.0076777707, -0.010134128, 0.00197126, -0.017101893, -0.003944725, -0.030693443, -0.02127373, -0.008229018, -0.0018213206, -0.009119833, -0.006081359, -0.0032964582, 0.0014034753, 0.04459369, -0.0045731463, 0.077403925, -0.008065849, 0.009066913, -0.04745136, 0.006068129, -0.004687806, -0.013926709, -0.030905122, 0.014420626, 0.0024541523, -0.039266437, -0.02527799, -0.024695873, -0.010628046, -0.042229943, -0.009860709, -0.0061386884, 0.0053316625, -0.0038763701, 0.049815103, 0.04148907, 0.009560831, 0.021432491, -0.06064601, -0.017357672, 0.054225083, -0.008352498, -0.016475676, 0.020003658, 0.013141733, 0.032192834, 0.0016052318, 0.011377742, 0.0042203483, -0.043605857, -0.034186143, -0.03268675, -0.029776167, 0.03722021, 0.0094814515, -0.004458487, -0.014949824, 0.024713513, 0.015011563, 0.016652076, 0.04699272, -0.021996967, 0.0060901786, -0.0039932346, 0.013256392, 0.018521905, -0.0045907865, -0.041453786, 0.0009547601, 0.012850674, 0.042688582, -0.030393565, 0.022191007, -0.020515215, -0.050908778, 0.040677633, 0.01357391, 0.016572695, 0.037361328, 0.0026878812, -0.037714127, -0.0068134153, 0.0034111175, 0.039266437, -0.033110112, 0.0020682793, -0.029987846, 0.012312657, 0.041982986, 0.0069104345, -0.011598241, 0.058141142, 0.0634684, -0.03323359, 0.021785289, -0.008784675, 0.016881393, -0.051085178, 0.034803543, -0.013229933, -0.019897819, 0.0100988485, 0.021009132, -0.011007303, -0.025595509, 0.05510708, -0.014597025, -0.053907562, -0.0059622894, 0.045899045, -0.0018940853, 0.028559014, -0.027659379, 0.028206216, 0.033815708, -0.035491496, -0.012039239, -0.006068129, 0.03136376, -0.020832734, -0.016219897, -0.00589614, 0.006588506, -0.011404201, 2.3617496e-05, 0.003510342, -0.004260038, -0.0051199836, 0.02159125, 0.003900625, -0.016105238, 0.010037108, -0.02751826, 0.012683095, -0.004714266, -0.011042584, -0.028858893, 0.026442224, -0.00083458825, 0.030305365, 0.024678234, 0.04113627, 0.018698305, -0.00094704266, 0.0036889461, 0.011280722, -0.03686741, -0.0029811447, -0.016316917, -0.040148433, 0.044099774, -0.052355252, -0.009269772, 0.022561444, -0.008264298, 0.021062052, 0.00989599, -0.013485711, 0.02734186, 0.03360403, -0.028400255, 0.035456218, -0.016934313, -0.06544407, 0.0026283464, 0.030834561, -0.005618311, -0.06816061, -0.018751225, 0.029882006, 0.0027915158, -0.026671544, -0.018945264, -0.030905122, 0.007055964, 0.023902077, 0.0067119855, -0.023284681, 0.008555356, -0.016158158, 0.011263083, -0.04275914, 0.022367405, 0.010266427, -0.0065091266, -0.0024166675, 0.02533091, -0.022914242, 0.04879199, -0.011430661, -0.042371064, -0.0069192545, 0.022155726, -0.015161502, 0.010698605, -0.0111131435, -0.042194664, 0.022967162, 0.02330232, 0.005472782, 0.05048542, -0.0143147865, 0.011271902, 0.0001484233, -0.0073205624, 0.010760345, 0.009948909, -0.049991503, -0.0057594306, -0.021626528, -0.031981155, -0.009948909, 0.017022513, 0.04459369, -0.042194664, 0.011474761, 0.042335782, 0.01566424, 0.0026922913, -0.006094589, 0.0157789, -0.0046304762, -0.0005311266, -0.0065929163, 0.020603415, -0.028382614, 0.038208045, 0.029017651, -0.03312775, 0.022138087, 0.022720203, -0.027482979, 0.0029216101, 0.045122888, 0.0025952717, 0.00585204, -0.014420626, -0.03686741, 0.0065355864, 0.015399641, 0.041700747, -0.03305719, -0.0027981307, 0.019827258, 0.0098342495, 0.010116488, -0.059587616, -0.032104634, 0.0018731379, -0.008145228, -0.04127739, -0.024854632, 0.026036507, 0.009278593, -0.019774338, -0.0067825452, 0.0013836304, -0.0006907127, 0.020638695, -0.01729593, 0.025807187, -0.02146777, 0.00195362, -0.02931753, 0.0023924126, 0.07373482, 0.035650257, -0.014694044, -0.01170408, 0.024907552, 0.0155143, -0.07839176, -0.032810234, -0.0018224232, 0.04166547, 0.0004580864, -0.018698305, 0.04882727, -0.021961687, -0.018663025, -0.0053801723, -0.036197096, 0.004925945, -0.00090735283, -0.032933712, 0.03658517, -0.015390821, 0.008246657, 0.054048683, 0.030711083, -0.0129035935, -0.0017981683, -0.026600983, -0.02929989, -0.012100978, 0.01979198, -0.03323359, -0.012841854, 0.011236622, 0.011007303, 0.014632305, 0.006795775, -0.01585828, 0.031981155, 0.013141733, -0.010257607, -0.010116488, 0.0041233287, -0.002152069, 0.016378656, 0.005706511, -0.0043967473, 0.012030418, -0.052990288, 0.0063415477, 0.027041981, -0.013406332, -0.021185532, 0.0006284218, -0.013097633, 0.024537114, 0.026283465, 0.0026040918, 0.04709856, -0.035632618, 0.011298362, 0.012630175, 0.036691014, 0.022296846, 0.06487959, -0.012374396, 0.0044187973, 0.02929989, 0.011148423, -0.034362543, -0.017930968, -0.0138737885, 0.0057903, 0.0157348, 0.038243324, 0.0024365126, -0.050026786, -0.0057947105, 0.0004897831, 0.010284067, 0.0750049, -0.0431825, 0.010531026, -0.010328167, -0.049180068, -0.06442095, 0.0054816017, -0.02929989, -0.0019977198, 0.015549581, -0.019686138, -0.03106388, 0.0061739683, -0.04092459, -0.013838509, 0.010733885, -0.008083489, -0.0034618322, 3.0645897e-05, 0.029511569, -0.037925806, -0.007404352, 0.022773122, 0.027059622, -0.03700853, 0.028100377, -0.003918265, 0.011351282, -0.032122277, 0.029000012, 0.020144777, 0.021026772, -0.021185532, -0.012833035, -0.029793808, -0.002341698, -0.025648428, 0.025718989, -0.0071750334, -0.02548967, -0.02515451, 0.007250003, -0.00062346057, 0.016184617, -0.014702865, -0.0042622434, 0.042194664, 0.013274032, -0.029582128, -0.036620453, -0.03714965, -0.0065355864, -0.0055874414, 0.024113756, -0.010381087, -0.024025558, -0.02922933, -0.04706328, -0.03856084, 0.012683095, 0.018222027, -0.002509277, 0.017154813, 0.0063018575, -0.012400856, -0.001866523, 0.0022579085, 0.034627143, 0.00035555442, -0.004665756, -0.00974605, 0.00022835414, 0.020056577, 0.022314485, -0.0016559465, 0.0129035935, 0.033004273, 0.010336987, 0.006681116, 0.018892344, 0.0068134153, 0.012303837, -0.011933398, -0.0065929163, 0.02159125, 0.002551172, 0.009084553, 0.046181284, -0.01954502, -0.00788945, -0.02127373, -0.0136973895, 0.038066924, 0.002555582, 0.0035786966, 0.004551097, 0.0069060246, 0.018222027, 0.028188575, -0.008850825, 0.0048245154, -0.03732605, 0.00588732, 0.015055663, -0.021873487, 0.016281636, -0.004727496, 0.00018177375, -0.020797454, 0.036796853, 0.012409677, -0.0034309623, -0.00059424445, -0.010434006, 0.018839423, 0.0036250015, 0.021838209, 0.007871809, 0.0048597953, 0.0027518258, -0.059164256, 0.013767949, -0.011051403, 0.002147659, -0.0100547485, -0.024537114, -0.02321412, -0.004683396, 0.042476904, -0.026212906, -0.019015823, -0.014773425, -0.022773122, -0.0031509288, -0.009472632, -0.01965086, 0.035385657, 0.016255178, -0.022790764, -0.028047455, 0.008886104, 0.007439632, -0.02529563, -0.010301707, 0.008572996, -0.0044077723, -0.015170323, 0.0013395307, 0.030005487, 0.02353164, 0.0017937584, -0.03476826, 0.016114058, 0.022790764, 0.019262781, -0.0039337, 0.04868615, 0.02347872, -0.006822235, -0.024854632, -0.065338224, -0.009296233, 0.00028251417, 0.024307795, 0.02145013, -0.025983587, -7.462509e-05, -0.025119232, -0.026548063, 0.0038455003, -0.003115649, 7.434946e-05, -0.009993009, 4.172252e-05, -0.0023483129, 0.039689798, -0.02153833, 0.04095987, 0.011518861, -0.010733885, 0.021291371, -0.018786503, -0.034415465, 0.03116972, 0.003702176, 0.006178378, 0.018151468, -0.011086683, 0.0069104345, -0.00094594015, 0.013864969, -0.007192673, 0.003514752, -0.01367093, 0.0027782859, -0.013450431, -0.0016052318, -0.0115806, -0.008131999, 0.00063724176, -0.011942219, -0.020938573, 0.0104516465, -0.04290026, 0.019068742, -0.008767035, -0.0050361943, -0.017860409, 0.018133827, 0.021291371, 0.007893859, -0.004096869, 0.027694657, -0.010583946, 0.024395995, 0.02150305, -0.020515215, 0.0041916836, 0.00777038, -0.038243324, 0.018857064, 0.009402072, -0.015117402, 0.045652088, -0.015743619, 0.0024188727, -0.00986953, -0.006024029, -0.0025820418, 0.008692065, 0.021961687, 0.0012844059, 0.0003715406, -0.005472782, 0.02153833, 0.030093687, -0.020021297, -0.037714127, 0.022032248, 0.0015798744, -0.010151768, 0.0131681925, -0.026424585, -0.004363673, -0.030569963, 0.019809619, -0.007011864, 0.02917641, -0.012709555, -0.009419711, -0.020920932, -0.022191007, -0.013723849, 0.017128352, 0.0036205915, 0.012444956, 0.019227501, -0.00980779, -0.008524487, -0.013132913, 0.004621656, -0.02150305, -0.0092168525, -0.012303837, 0.0310286, 0.01360037, 0.008586226, -0.0064958967, -0.016272817, -0.0232494, 0.024695873, -0.0061475085, 0.014482366, 0.011104323, 0.00581235, 0.00067858526, -0.022102807, 0.023884438, -0.010813264, -0.0052081835, -0.0013329156, 0.030675802, 0.022314485, -0.021926407, -0.004478332, -0.036444053, 0.016387476, -0.0023306732, -0.028753053, -0.0043967473, -0.014173667, 0.010239967, -0.014932184, 0.042512182, 0.0055609816, 0.017207732, 0.001855498, 0.0023769778, 0.03750245, 0.015452561, 0.023902077, -0.001072727, -0.016943133, 0.018310227, -0.01748115, 0.0043239826, -0.01928042, 0.00079875713, -0.0075057815, -0.016149336, 0.015593681, 0.020215336, -0.028629573, 0.034344904, -0.05486012, 0.004163019, 0.018680664, 0.0108926445, -0.016625615, -0.015523121, 0.0116247, -0.010248788, 0.036232375, -0.0030627293, -0.013035893, 0.00966667, -0.011280722, 0.020532854, -0.04074819, 0.0014189102, -0.008445106, -0.018821783, -0.014552926, 0.055283476, -0.04064235, 0.012030418, -0.020797454, -0.009428532, 0.001947005, 0.014279507, -0.020726893, -0.03732605, 0.02169709, -0.01357391, -0.004260038, -0.0145352855, -5.9259073e-05, 0.035879575, -0.043676417, 0.010363447, 0.0065840962, -0.012638995, -0.030869842, 0.0038080155, -0.016784374, 0.016784374, -0.007197083, 0.013459251, 0.00067913654, -0.007593981, -0.01979198, 0.040571794, -0.0155584, 0.010072389, 0.006032849, 0.008864054, -0.010504566, 0.025648428, -0.03909004, -0.026107065, 0.0010578433, -0.008502437, 0.012312657, 0.013362232, 0.04103043, 0.028876532, -0.0066943457, -0.030093687, 0.018768864, -0.022208646, 0.00055786216, -0.0024012327, -0.020338817, 0.020762173, 0.027677018, 0.013529811, 0.04081875, 0.023108281, -0.0015357747, 0.02536619, -0.017922148, -0.0234258, 0.014464726, -0.01373267, 0.025172152, -0.032651473, -0.00045946453, 0.000219672, -0.004634886, 0.014103108, 0.006063719, -0.02146777, -0.03559734, 0.029758528, 0.0074925516, -0.0032258984, -0.012321477, -0.009410892, -0.006235708, 0.0064165173, -0.030958042, 0.007205903, 0.006879565, 0.018274946, 0.018274946, -0.021714728, -0.00051927485, 0.0003365364, -0.0030076045, -0.012665455, 0.0013031483, 0.017084252, 0.043993935, -0.00027396984, -0.0049568145, -0.0031443138, -0.03162836, 0.010698605, -0.010442827, 0.009084553, -0.03503286, 0.022437965, -0.045616806, -0.0055257017, 0.022173366, 0.004515817, 0.036691014, -0.010601586, 0.00776597, -0.0034331675, 0.00779243, -0.022402685, 0.024007916, 0.016546234, -0.015135042, 0.008074668, -0.03683213, -0.008780265, 0.008740575, 0.007624851, -0.042476904, -0.03901948, 0.051579095, 0.0032258984, -0.019262781, 0.007960009, 0.00062676804, 0.0013285057, 0.01779867, -0.011042584, -0.02346108, 0.0040196944, -0.025895387, -0.049885664, 0.02933517, -0.02561315, -0.016343376, 0.017225372, -0.0157789, 0.026301105, 0.0013659905, -0.018257307, -0.00039359048, 0.02330232, 0.0033736327, 0.004284293, 0.019139301, -0.015187962, -0.006623786, 0.035562057, -0.0072852825, 0.013423971, 0.029582128, -0.00778361, 0.015364361, -0.0051861336, -0.019809619, 0.012356756, 0.00023924127, -0.0061607384, -0.026495144, -0.0012336912, 0.025877748, 0.0010341397, -0.0008825467, 0.006244528, -0.017913328, -0.00095420884, 0.021185532, -0.018345507, -0.01765755, 0.0028907403, 0.002526917, -0.011095503, -0.016828474, -0.013891429, 0.0032258984, 0.020850373, 0.012612536, 0.031663638, 0.034380183, 0.036338214, -0.0035786966, 0.0018367555, 0.017198913, 0.0094373515, 0.026371665, -0.012259738, -0.042159382, -0.0063194977, 0.006407697, 0.028894171, 0.026406944, -0.0048597953, -0.012048058, -0.020497575, 0.01562014, -0.014208947, 0.0014023728, 0.0039601596, -0.00390283, 0.0010368959, -0.009499092, -0.007638081, 0.0194921, 0.018998183, 0.033656947, 0.006068129, -0.0012414086, -0.022755483, -0.0041740434, 0.051826056, -0.003922675, 0.009543191, -0.00989599, -0.0024210776, -0.0463224, 0.027747577, 0.036108896, -0.008775855, 0.01933334, -0.028329695, 0.010830904, -0.00050907675, 5.8914542e-05, -0.008952254, 0.02510159, -0.00012265249, -0.022649644, -0.01557604, -0.010689785, -0.03714965, -0.024448914, 0.017040152, 0.04304138, -0.003726431, 0.05221413, 0.030058406, 0.028294414, -0.022226287, 0.03330415, 0.018468985, -0.007391122, -0.002328468, 0.000635588, -0.027059622, -0.0028488454, -0.0051199836, -0.038490284, 0.012206817, 0.04138323, -0.0019040077, -0.05609491, 0.010345807, -0.024325436, 0.0030164246, 0.00019651961, -0.0024850222, 0.022490885, 0.0040329243, -0.004877435, 0.028135655, 0.0016107443, 0.0075278315, -0.0077262805, 0.020427015, -0.011880479, 0.009490271, -0.013177012, -0.016643254, 0.037855245, 0.026054146, 0.022808403, -0.016237536, 0.038349163, 0.01556722, -0.0013593755, -0.0147557845, 0.02130901, -0.0073999423, 0.0008456132, 0.028805973, 0.00024819904, 0.007624851, -0.012224457, -0.01165116, -0.017983887, -0.0079556, 0.013159373, 0.026159987, 0.018204387, -0.019209862, -0.030340645, 0.027571179, 0.0087979045, -0.012056878, 0.0045422767, -0.0031509288, -0.006429747, -0.0035632618, 0.026354024, 0.022490885, -0.0049215346, -0.0013097633, 0.011924579, -0.01368857, -0.00964021, -0.009005174, 0.0043482375, -0.0048024654, -0.010786804, 0.023020081, 0.015796538, 0.035844296, -0.00032275522, -0.020885654, -0.022296846, -0.018821783, -0.0031619538, -0.00015572732, -0.0051552635, -0.023919718, 0.010125308, -0.01176582, 0.029758528, 0.0143147865, -0.010531026, 0.0028179756, 0.08015575, 0.0070603737, 0.009472632, 0.004024104, -0.012577255, -0.008202558, 0.030834561, 0.015999397, 0.03124028, -0.013274032, 0.014376527, 0.008184918, -0.019245142, -0.0028466403, -0.0073514325, 0.006306268, 0.025313271, 0.014976284, 0.01367975, -0.0038256554, -0.0076821805, 0.015479021, -0.0077042305, 0.014641125, -0.011845199, 0.003093599, 0.010707425, 0.00581676, -0.04127739, -0.015099763, 0.008431877, 0.024766434, 0.027712299, -0.002346108, 0.013132913, -0.0036382314, -0.033692226, 0.0017992707, -1.721786e-05, -0.002725366, -0.016219897, -0.006839875, -0.039830916, 0.011351282, -0.00090018666, -0.013953169, 0.002745211, 0.015029203, 0.006866335, -0.0032898432, 0.023002442, -0.016343376, 0.029811447, 0.0026283464, 0.00779243, 0.029846728, 0.016590334, 0.009507911, 0.026283465, 0.04064235, 0.0007596186, -0.00026239365, 0.014235407, -0.030534683, -0.014385346, -0.0063680075, -0.000516243, 0.0069677643, -0.008608276, -0.006107819, -0.0094373515, 0.02145013, -0.009119833, 0.012771294, -0.00585204, -0.009366792, -0.026847942, -0.014411806, 0.009604931, -0.0066987555, 0.0010010649, 0.017075432, -0.0063591874, -0.0044408473, -0.002321853, -0.01364447, -0.012709555, 0.028259136, -0.014305967, -0.016643254, -0.0319106, -0.011201343, -0.008590636, -0.02363748, 0.025083952, -0.017913328, -0.013953169, 0.02903529, -0.016008219, -0.0071353433, -0.017886868, 0.0034794721, 0.014914543, -0.032281034, 0.04071291, -0.033745147, 0.0074969614, 0.00290838, 0.022878964, 0.016722634, 0.009984189, -0.010592766, -0.015426101, 0.0013108657, -0.035738457, -0.01364447, 0.020726893, 0.001763991, 0.03344527, 0.010583946, -0.010045929, -0.011474761, 0.036055975, -0.02160889, 0.015434921, 0.00973723, -0.0068751546, 0.009499092, 0.0056006713, -0.019844899, 0.033886265, -0.002239166, 0.020744534, 0.020409375, 0.0065091266, -0.0063459575, -0.013820869, 0.020973852, 0.027853418, -0.014156028, -0.0015622345, -0.024748793, 0.010248788, -0.008661196, 0.0051993635, -0.00293484, -0.037996367, 0.02372568, -0.0017474536, -0.025507309, 0.010407547, -0.027624099, -0.018998183, 0.0157348, -0.00059920567, -0.009428532, -0.03312775, -0.0030142195, -0.0012292812, -0.0030406795, 0.025048671, -0.02714782, -0.007236773, -0.0059534693, 0.008083489, 0.03106388, 0.0013130708, 0.061492726, 0.00064992043, -0.008586226, -0.020903293, 0.014482366, 0.0020142572, -0.013415151, 0.010769165, -0.0005413247, 0.0016349992, -0.016828474, 0.0030869842, -0.015346722, -0.00013064558, -0.004524637, -0.0108926445, -0.00985189, 0.028012177, -0.003133289, -0.0032699984, 0.01756935, 0.0073205624, 0.021026772, 0.011492401, 0.025313271, -0.008180508, -0.018363146, 0.018857064, 0.018327866, -0.027165461, -0.01947446, 0.01170408, -0.012109798, -0.012541976, -0.025313271, 0.02361984, -0.017975068, -0.0030539094, 0.011086683, -0.025630789, -0.0101870475, 0.014041368, 0.00074032496, 0.046040162, -0.003878575, 0.008758215, 0.022014607, 0.013265212, -0.021908768, -0.021432491, -0.018857064, -0.009675491, -0.0023880028, -0.009596111, 0.016396295, -0.03154016, 0.0100106485, -0.022684924, -0.0017617859, 0.006050489, 0.010663325, -0.018627744, -0.010663325, -0.031010961, 0.006041669, -0.008061439, 0.0129035935, 0.0067472653, -0.024519475, 0.0036624863, -0.005627131, 0.008714115, 0.017145991, 0.00010921585, -0.006588506, -0.006226888, 0.01733121, -0.0035875167, -8.075771e-05, 0.017878048, -0.017869228, 0.0032457435, -0.010363447, 0.017357672, 0.0017816309, 0.020303536, -0.0074925516, -0.007170623, 0.015020383, -0.0014696249, -0.01764873, -0.031998795, -0.017745748, -0.002346108, -0.016184617, 0.002696701, -0.017119532, -0.02940573, -0.01160706, -0.015946478, -0.0067516756, -0.013379872, -0.0036272064, -0.006425337, 0.010751525, -0.015972938, 0.012356756, 0.00989599, -0.009552011, 0.018592466, -0.0051905434, 0.017251832, 0.0042379885, -0.03162836, 0.033021912, 0.005393402, -0.015267341, 0.0107162455, 0.002018667, -0.009190393, 0.004701036, -0.0009007379, -0.019827258, -0.019209862, 0.009402072, 0.009463811, 0.009322693, -0.026265826, 0.0026239366, -0.0044981767, 0.032475073, -0.032739673, -0.012762475, 0.010336987, -0.0137855895, 0.013767949, -0.019668499, -0.01744587, 0.010001829, -0.00091396784, -0.009525551, -0.007567521, 0.004460692, -0.008978714, -0.016537415, 0.0046128365, 0.015990578, -0.020391736, -0.020779813, 0.02561315, 0.0023813879, 0.002361543, -0.020303536, -0.0036492562, 0.008356907, 0.049709264, -0.011995139, -0.004273268, 0.012885954, 0.007223543, 0.024766434, -0.007571931, -0.0013141732, -0.036514614, -0.0022998033, 0.008396597, -0.0041586086, -0.0011377742, 0.025860108, -0.018468985, 0.02552495, 0.0022909832, 0.020956213, -0.00043741462, -0.010742705, -0.044311453, 0.038878363, -0.008034979, 0.012691915, -0.017913328, 0.007223543, -0.015373182, 0.03512106, -0.016837293, 0.035544418, -0.023690399, -0.018239666, 0.00590937, -0.009357972, -0.01954502, 0.024078477, -0.010292888, -0.0021068668, 0.0007419787, 0.004222553, -0.0034706523, -0.038490284, 0.0075057815, -0.006654656, -0.030922761, 0.0057285605, 0.022473244, 0.0053448924, 0.004460692, 0.020779813, 0.0051552635, 0.021044413, -0.009137473, -0.0035566469, -0.015964119, 0.017860409, 0.0136091905, -0.049709264, 0.00294807, -0.031892955, -0.010239967, 0.011898119, -0.012303837, 0.018962903, -0.014120747, 0.009049274, -0.035773735, 0.015258522, 0.025013393, -0.024801712, -0.011686441, -0.026653903, -0.003093599, 0.020074217, -0.014014908, 0.018204387, -0.021432491, -0.009146293, 0.022826044, 0.0067075756, 0.007942369, 0.0051684934, 0.017075432, 0.011368922, -0.0034287574, -0.027482979, 0.035279818, -0.008396597, 0.008978714, -0.022173366, 0.0004862, 0.024343075, -0.030164246, 0.022243926, 0.011289543, -0.00971077, -0.006800185, -0.00036657936, -0.010336987, -0.0021145842, -0.016378656, 0.0075190114, -0.00390283, -0.024007916, 0.016396295, -0.001257946, 0.0027738758, -0.01776339, -0.018521905, 0.012153897, -0.005274333, -0.0020804068, -0.008736165, 0.0049435846, 0.002745211, 0.011915759, -0.008048208, 0.020991493, -0.018036807, -0.0018477805, -0.016519776, 0.011086683, -0.009305052, -0.013988448, 0.011218983, 0.037961084, -0.018080907, 0.0039381096, -0.014985103, -0.010707425, -0.0028003356, 0.0023659528, -0.0011063531, -0.0012347937, 0.011995139, 0.0097019505, -0.00964021, 0.013909069, 0.0039491346, -0.012586076, -0.0054022223, 0.0045643267, -0.013512171, 0.016052317, 0.013441611, -0.018239666, -0.009000764, 0.012815394, 0.025771908, 0.0024100526, -0.018574825, 0.005635951, 0.03873724, -0.02527799, -0.0098342495, 0.0026768562, 0.02344344, -0.030746363, 0.014288327, -0.016899033, -0.008705296, 0.0024629724, 0.00027741515, -0.001364888, 0.013282852, 0.007183853, 0.026124706, 0.00292602, 0.0075322413, -0.003882985, -0.016211078, -0.0020770994, -0.01360037, -0.023108281, -0.023866797, 0.0042203483, -0.0090404535, -0.012665455, 0.012833035, -0.013503351, 0.0067472653, 0.033568747, 0.016131697, 0.0071309335, 0.012356756, 0.006839875, -0.0107162455, 0.010927924, -0.016872574, -0.0024144626, -0.008303988, 0.030358285, -0.0033780427, 0.011104323, -0.00042556282, -0.017930968, 0.0067252154, -0.0008968792, 0.00971077, 0.004068204, -0.0005732971, -0.014076648, -0.0028422305, 0.018504266, 0.0024254876, 0.0063547776, -0.007254413, 0.018627744, 0.0048112855, 0.018892344, -0.004643706, -0.013291672, -0.0024012327, -0.003089189, 0.0031597489, 0.018345507, 0.016837293, -0.013212292, 0.0045951963, 0.020268256, -0.017816309, 0.003527982, -0.014764604, 0.0015082123, -0.010160588, -0.006001979, 0.004288703, -0.004670166, -0.020197697, 0.0030693442, 0.01566424, -0.018169107, 0.012118618, 0.0021807337, -0.014464726, -0.0057858904, 0.010733885, -0.018821783, -0.020515215, 0.00052037736, -0.010954384, -0.0033427628, 0.015434921, -0.015390821, 0.004652526, -0.00081419206, -0.008793495, -0.008387777, -0.0017353261, 0.0146234855, -0.010222328, 0.016634434, -0.007236773, -0.02566607, 0.01160706, -0.002531327, -0.010363447, 0.025083952, 0.00014263521, -0.01160706, -0.0049700444, -0.00792914, -0.0107162455, 0.017075432, 0.008921384, 0.006240118, 0.0045555066, 0.0032060535, -0.0013957579, 0.019015823, 0.0027871057, 0.0014354476, 0.018786503, -0.0039755944, 0.00017446974, 0.0070471438, -0.005521292, 0.024395995, -0.017789848, 0.0017474536, 0.014482366, -0.023813877, -0.011307182, -0.014729325, -0.014500006, 0.015108583, 0.010839725, -0.008542126, -0.014729325, -0.00966667, -0.014852804, -0.0046172463, 0.019633219, -0.006425337, -0.012048058, 0.0051729036, -0.009331512, -0.004820105, -0.0066722957, -0.009463811, 0.009243312, -0.014861624, -0.0007877322, -0.020656334, -0.008471566, 0.005040604, 0.0021200967, -0.0007331587, 0.0027518258, 0.010698605, -0.004315163, 0.0072588227, -0.0010484721, 0.012780114, -0.016625615, 0.006041669, 0.0045334566, -0.0016934313, -0.009525551, 0.018380785, 0.013582731, -0.017084252, -0.008537716, 0.0024034376, -0.016484495, -0.0013792204, 0.002745211, 0.0059931595, 0.00028719977, 0.00986953, 0.02540147, 0.032651473, 0.016625615, -0.0061607384, -0.0063503673, -0.006063719, -0.0039689797, 0.006024029, 0.026495144, -0.010636865, -0.02933517, 0.0076998207, -0.0059446497, 0.016793193, 0.020726893, -0.010151768, 0.016616795, 0.008083489, 0.027041981, 0.010125308, -0.040430672, -0.002529122, 0.029899647, -0.0043107527, 0.006482667, -0.01576126, 0.0049435846, -0.003733046, -0.0147998845, 0.009066913, 0.020232975, -0.0032920481, -0.011395382, 0.020303536, -0.027447699, 0.0017915533, 0.005613901, -0.012982974, 0.005640361, -0.0041365586, 0.0069898143, -0.011448301, 0.0019811823, -0.020850373, -0.025983587, 0.0025952717, 0.018451346, -0.017781029, -0.010019469, 0.008520076, 0.0040417444, 0.0012623561, 0.01959794, -0.00013808742, -0.008511256, 0.0053052027, -0.014667585, 0.016872574, 0.0068839747, 0.0031509288, 0.019051103, 0.0013097633, -0.00974605, 0.006284218, -0.009957729, 0.006588506, 0.0067296256, 0.018001528, 0.025895387, 0.0047936453, -0.010680965, 0.016978413, -0.00585204, -0.015972938, -0.0063680075, -0.014685225, 0.0032744082, 0.008498026, 0.004286498, 0.0049524046, -0.0065311766, -0.007197083, -4.1309086e-05, -0.02552495, 0.010195868, 0.0043989522, 0.0041475836, 0.0024365126, -0.006244528, -0.010531026, 0.019721419, -0.003320713, 0.0056315414, 0.010760345, 0.008617096, -0.0034000925, -0.00086600933, 0.020726893, -0.00295248, -0.0137855895, -0.0004685601, -0.0027871057, 0.014059008, -0.011342462, -0.007898269, 0.022473244, 0.012524336, 0.010839725, -0.018521905, 0.020285897, -0.016775554, 0.005463962, -0.005194953, -0.014993923, 0.00047517507, 0.014729325, -0.014147207, -0.012100978, 0.023108281, -0.006866335, 0.014738144, -0.0041784537, 0.007236773, 0.0072676428, -0.003733046, -0.014932184, -0.008828775, 0.019174581, 0.0036823312, -0.009111013, -0.028082736, 0.001576567, 0.0034067077, 0.010822085, -0.029793808, 0.022191007, 0.0024144626, 0.026918503, -0.020497575, -0.00583881, 0.021908768, -0.020832734, -0.016537415, 0.0026151165, -0.0135650905, 0.0136091905, -0.0019227501, -0.0036889461, -0.006116639, 0.0030958042, 0.010804445, -0.03665573, -0.0037573008, 0.008740575, 0.019315701, -0.01556722, 0.013194652, -0.0065576364, -0.00047352133, 0.0007011864, 0.0002302835, 0.008123178, -0.0094814515, -0.030693443, 0.031698916, -0.018257307, 0.024819354, -0.0026724462, -0.0052346434, -0.02520743, 0.0013792204, -0.0041806586, 0.005732971, -0.036126535, 0.004670166, -0.004074819, 0.018019168, 0.026795022, -0.0024585624, 0.016863754, -0.0142265875, 0.009066913, 0.009543191, 0.008498026, -0.010266427, 0.01950974, 0.0020804068, -0.0052214134, 0.010707425, -0.009349152, -0.007051554, -0.027218381, 0.018169107, 0.00057936076, 0.010266427, -0.004326188, 0.0075542913, 0.0032523584, 0.0012347937, 0.0032391285, -0.019809619, -0.026742103, 0.00018480561, -0.0073426124, -0.012250917, -0.00972841, -0.0027760807, -0.034803543, -0.015840638, 0.017745748, -0.0067649055, 0.0051376238, -0.020797454, 0.0015622345, 0.024078477, 0.004118919, -0.006998634, -0.0067208055, -0.0049524046, -0.009587291, 0.030234804, 0.010090028, 0.0005749508, 0.0052478733, -0.0010936745, -0.0057814806, 0.014517645, -0.0051067537, -0.0092168525, 0.0067340354, 0.025048671, 0.003475062, -0.01585828, -0.010557486, 0.003927085, 0.0117129, -0.00063062675, -0.023708038, -0.011986319, -0.0020859193, 0.011430661, 0.0035853116, -0.00591819, 0.010345807, -0.009058094, 0.0010225635, -0.00781889, 0.008908154, -0.0039954395, -0.012577255, 0.013529811, 0.013159373, -0.0017055587, 0.008670015, -0.0018543955, -0.020532854, 0.023655118, -0.0042269635, 0.007638081, 0.0049965046, -0.015549581, 0.0017695035, -0.0053757625, 0.0018455755, 0.0054463223, 0.005314023, -0.0035522368, -0.022702564, 0.01371503, -0.0077395104, -0.0009387739, 0.0014200127, -0.011042584, -0.02122081, 0.0088199545, 0.022896603, -0.005477192, 0.0006003082, 0.0067560854, 0.010707425, 0.0231612, 0.0013792204, 0.02150305, -0.0004919881, 0.017957428, 0.00022642477, -0.0031443138, -0.019580299, 0.018169107, -0.00013257495, -0.014032548, -0.0053537125, -0.0051332135, -3.2402997e-05, -0.0071662134, 0.0024784072, -0.0032236935, 0.018416066, 0.028682493, 0.019403901, 0.01163352, -0.0063459575, 0.004643706, 0.010769165, 0.0023086232, -0.0011080068, 0.017833948, 0.021714728, 0.013582731, 0.0073249727, -0.014014908, 0.003695561, -0.009172753, 0.0026922913, -0.010875004, -0.002760646, -0.014200128, 0.021062052, -0.013953169, -0.0027011111, -0.0012612535, -0.012303837, -0.024748793, -0.0056447713, -0.017013693, 0.010830904, -0.028506095, 0.0069104345, -0.004143174, 0.003909445, -0.0006614966, -0.01754289, 0.023143562, -0.012709555, -0.019721419, -0.0050273743, 0.0023857977, -0.009027224, 0.0007601699, -0.014235407, 0.0033824528, 0.0043482375, -0.008978714, 0.023231762, -0.010063568, -0.010072389, 0.0037595057, -0.0156466, 0.004176249, 0.016219897, 0.0136091905, 0.013291672, 0.005710921, -0.004085844, 0.00982543, 0.034256704, -0.0032766133, -0.022032248, 0.004037334, -0.0057638404, -0.010434006, -0.003882985, -0.007439632, -0.032422155, 0.010469287, 0.005688871, 0.0007116601, -0.009631391, -0.019174581, -0.002363748, 0.031804755, 0.010310527, -0.0064165173, -0.015399641, 0.012833035, -0.012215638, 0.00020575301, 0.0035478268, 0.004151994, -0.008678836, -0.0050141443, 0.013626831, -0.0022512935, -0.010769165, 0.0021608889, 0.008656786, 0.0070912438, -0.013150552, 0.012233278, 0.004890665, -0.027694657, 0.01186284, -0.014764604, 0.01179228, -0.014164847, 0.020197697, 0.0159112, -0.0019492101, 0.007205903, 0.0016074368, 0.0062753977, 0.012083338, -0.0059755193, -0.016890213, 0.02145013, -0.0041343537, 0.0065708663, -0.011854019, 0.013441611, 0.023090642, -0.0078233, -0.007893859, 0.009719591, 0.011642341, 0.007078014, -0.01366211, -0.004273268, 0.0045687365, 0.0033714278, -0.009163933, 0.003329533, -0.0014056803, 0.015214422, 0.0019205451, -0.022543805, 0.01568188, -0.008021749, 0.0024210776, -0.0046260664, -0.0033846577, 0.0077527403, 0.000883098, -0.0016857139, -0.017939787, 0.004842155, -0.011280722, 0.0017353261, 0.031698916, 0.028594293, -0.0101870475, -0.003710996, 0.011121963, 0.005296383, 0.008727346, 0.01936862, 0.0059137796, 0.003338353, 0.013229933, 3.3505494e-05, -0.010989664, -0.00580353, -0.025454389, -0.0009161728, -0.028417895, -0.014023728, -0.0043592625, -0.02159125, -0.002346108, -0.015240882, 0.011510041, 0.0015313646, -0.00033598515, -0.014544105, 0.024836993, -0.0074572717, -0.004176249, -0.0032788182, 0.002537942, -0.01576126, -0.010442827, 0.02152069, 0.0024872273, 0.028894171, 0.01173054, -0.01377677, -0.01747233, 0.0003773287, 0.010998484, -0.0028819202, -0.027941616, 0.00020396145, 0.002154274, 0.019104023, -0.009146293, -0.013979629, -0.014746965, -0.004665756, -0.0027099312, 0.006800185, -0.012533156, -0.016969593, -0.01181874, -0.005322843, 0.033586387, -0.01780749, 0.0024188727, 0.012691915, -0.011386561, -0.019862538, -0.00052974856, -0.01950974, 0.011007303, -0.01753407, -0.011898119, -0.0019944124, -0.008484797, 0.0069457144, -0.008586226, 0.00019803554, -0.0013163782, -0.029829087, -0.018416066, -0.0075851614, 0.0009674388, 0.00022256604, 0.0045643267, 0.011316002, -8.6304635e-06, 0.019897819, 0.005508062, -0.009887169, 0.006072539, -0.011289543, 0.015311441, 0.0354033, -0.00976369, -0.0025180972, 0.0053448924, -0.004421002, -0.010998484, 0.016475676, -0.00070614764, 0.0021200967, 0.006231298, 0.0052125934, -0.020268256, 0.0051288037, -0.0061122286, 0.022861322, 0.017040152, -0.022684924, -0.0055389316, 0.002234756, -0.0015853869, -0.023902077, -0.0023725678, -0.0050935238, -0.019880177, 0.0025247121, 0.026124706, -0.010239967, 0.0020440246, -0.0014894699, 0.007567521, -0.013406332, 0.0033824528, 0.0076469006, -0.008048208, -0.01952738, 0.011642341, 0.013177012, 0.0022082962, 0.008815545, 0.02354928, 0.019933097, -0.008630326, 0.018645385, -0.000560894, -0.012956514, -0.001757376, 0.015302622, -0.023990277, -0.018001528, 0.00063669047, -0.017878048, 0.003704381, 0.009843069, 0.0032545633, -0.021044413, 0.018927623, -0.032633834, -0.0020418195, -0.016325736, 0.0050273743, 0.005252283, 0.005450732, 0.009472632, 0.0015346721, 0.006015209, 0.030993322, -0.013282852, 0.030834561, -0.0057638404, 0.017454691, -0.0033361479, -0.00057991204, -0.0022049886, -0.005239053, 0.007452862, 0.0030693442, -0.010954384, 0.012541976, 0.02515451, 0.00980779, 0.031646, -0.012921234, 0.0024784072, 6.6563094e-05, -0.016537415, -0.012956514, 0.024554754, -0.0052214134, 0.009490271, 0.007624851, 0.010804445, 0.0014442676, -0.028276775, -0.0273595, -0.0030693442, 0.0041718385, -0.005710921, -0.018222027, 0.03877252, 0.031593077, 0.012753654, -0.022120446, -0.014826344, -0.022720203, 0.024766434, -0.0029723248, -2.237719e-05, -0.018998183, -0.01729593, -0.0043989522, 0.0029899648, -0.00095420884, 0.0032567682, 0.00976369, 0.0073382026, 0.018416066, 0.0047715954, 0.0069413045, -0.0055698017, 0.008850825, 0.010442827, -0.005640361, -0.0042754733, -0.004432027, -0.0021862462, 0.0036029515, 0.010822085, 0.0053978125, 0.017004874, -0.0051861336, 0.024043197, 0.020003658, -0.00016151542, -0.008550947, -0.013335772, -0.022279207, 0.012612536, 0.012462596, -0.016466856, 0.00016316917, 0.003891805, 0.006420927, -2.0706222e-05, 0.026406944, -0.016572695, 0.01571716, -0.00032027462, -0.0035368018, 0.015267341, 0.0026459864, 0.00051899924, -0.004140969, -0.014464726, 0.0061916085, 0.02561315, 0.020285897, -0.011298362, -0.014482366, -0.017983887, 0.005296383, 0.021026772, 0.008665605, 0.0135650905, -0.023954997, 0.008057029, 0.020409375, -0.0042379885, -0.0071132937, -0.008683246, -0.012109798, -0.010195868, -0.00087538053, 0.006284218, 0.006050489, -0.0061122286, -0.022085167, 0.011289543, -0.0027959256, 0.01163352, 0.001369298, 0.011501221, 0.0042159385, 0.012877134, 0.007920319, -0.00048537314, 0.019827258, 0.0016151542, 0.027694657, -0.0070250942, -0.014508826, 0.0060196193, 0.010742705, 0.01950974, -0.020815093, 0.0015710545, -0.0073778923, 0.0011697465, -0.008555356, 0.010610405, 0.007170623, 0.0031840038, -0.0024541523, 0.0030296545, -0.01748115, -0.0007177238, -0.008026158, -0.016422756, -0.00780125, -0.004443052, 0.016263997, 0.016590334, -0.0059622894, -0.008925795, 0.014967463, -0.01557604, 0.030746363, 0.009066913, 0.0008081284, 0.024290156, 0.0027408008, -0.0049965046, 0.0008930204, 0.0067163957, -0.0020616644, 0.0006741753, 0.0014982899, -0.012189178, -0.0052214134, 0.0006526767, -0.00776597, -6.1636325e-05, -0.0068927947, -0.0043702875, 0.0038146304, 0.011959859, -0.0006284218, -0.012815394, -0.00032771644, -0.0157789, 0.00033240204, 0.0050714742, -0.0019933097, 0.0068927947, -0.016634434, -0.0005057693, 0.0007265438, -0.022049887, 0.015126223, -0.0057991203, 0.02548967, 0.0010473697, 0.020497575, -0.024572395, -0.0090404535, 0.017313572, -0.0032347185, -0.012347937, 0.008837595, -0.0018808554, 0.016687354, 0.011906939, -0.0051552635, 0.009631391, 0.001006026, -0.0024960472, 0.0007133139, 0.0104516465, 0.016466856, 0.0044298223, 0.008308398, 0.0036580763, -1.9379783e-07, 0.0047804154, 0.011174883, -0.012921234, -0.015187962, 0.0013119683, -0.0016383067, -0.01367093, 0.0029965797, -0.011942219, 0.025083952, 0.009816609, -0.0020076423, 0.032527994, 0.009975369, -0.015373182, 0.0019503125, 0.0032722033, -0.024448914, 0.010777985, -0.009516731, -0.014782244, 0.0026459864, 0.015232062, 0.003508137, 0.017207732, 0.008506847, 0.008559766, 0.0004465102, 0.004701036, -0.0013296081, -0.00090459664, 0.017886868, -0.007871809, 0.010804445, -0.0065003065, 0.01576126, 0.013141733, -0.008806725, 0.013556271, 0.0052037733, 0.016413936, 0.010222328, -0.0073205624, -0.004537867, -0.019580299, 0.0034949072, -0.008092308, -0.035756096, -0.003730841, -0.011218983, 0.024784073, -0.005058244, 0.008758215, 0.011121963, -0.0024739974, 0.016634434, -0.016096417, -0.01585828, -0.007660131, -0.0076777707, -0.00591819, -0.008096718, 0.020709254, -0.0272713, -0.00057880953, 0.019121662, -0.01970378, 0.004312958, -0.001465215, 0.01753407, 0.015990578, -0.00778802, -0.0047583655, -0.02367276, 0.015496661, -0.0010181535, 0.00078718096, 0.00012437515, -0.029105851, -0.0053978125, -0.034362543, 0.014305967, 0.016696174, -0.006478257, 0.0026878812, -0.0025798369, 0.0051905434, -0.0061254585, 0.011845199, 0.019756699, 0.016237536, 0.010222328, 0.0065311766, 0.019968377, 0.035491496, -0.019756699, 0.022561444, -0.00581235, 0.021661809, -0.006632606, 0.0036117714, -0.00045422767, 0.0035654667, -0.0103193475, -0.027024342, 0.00586086, -0.011898119, -0.0135650905, 0.011986319, 0.0030274496, -0.024290156, -0.0034155275, -0.026071787, 0.029511569, 0.0070912438, 0.0046040164, 0.010522206, -0.007871809, 0.0069324845, -0.038490284, -0.006032849, -0.008634736, 0.033956826, 0.015523121, 0.0101429485, -0.0064870766, -0.020956213, 0.02173237, -0.023990277, -0.0028025405, 0.013750309, 0.009111013, 0.013291672, 0.01928042, 0.0232494, -0.037996367, 0.004110099, 0.008793495, -0.01789569, -0.0012204612, 0.008131999, 0.0065399967, -0.010636865, -0.010336987, 0.015461381, -0.0062180683, 0.00039000736, 0.019209862, 0.009111013, 0.019350981, 0.018468985, -0.009984189, -0.025225071, 0.029017651, -0.008114358, 0.017357672, -0.0053493027, -0.025172152, 0.008365727, 0.0045202267, 0.011051403, -0.016837293, 0.018133827, -0.001378118, 0.021114971, 0.009499092, 0.006213658, 0.004502587, 0.014967463, -0.00031834524, 0.020232975, 0.009596111, -0.012347937, -0.005084704, 0.00032055023, 0.013238752, -0.030887483, -0.0001331951, -0.0019139302, 0.010248788, 0.015267341, 0.014129568, -0.006632606, -0.008475977, 0.032157555, 0.008295167, -0.006504717, -0.01743705, -0.0077306903, 0.005089114, 0.0065532266, 0.0099665485, 0.001561132, 0.0011041481, 0.0024321026, 0.0144029865, -0.008101128, 0.0024607673, 0.0013064558, -0.003497112, -0.004286498, 0.010345807, 0.014120747, -0.01361801, -0.0044077723, 0.021203171, -0.0053889924, -0.010689785, -0.0031376989, 0.0045555066, 0.0035963366, 0.009525551, 0.000462772, 0.010883824, -0.008109949, 0.0014729324, -0.020691615, -0.010266427, -0.034909382, -0.007488142, 0.012559616, 0.027853418, 0.0037418657, 0.003106829, -0.025454389, 0.0069148447, -0.009296233, 0.014103108, -0.009596111, -0.006279808, 0.026212906, 0.015461381, -0.006015209, -0.0051596737, 0.0055609816, 0.0135650905, 0.000927749, -0.026036507, 0.0034397824, 0.004317368, 0.0038984201, -0.0010016161, 0.010901464, -0.017057793, -0.011166063, 0.01548784, 0.0140942875, -0.016528595, 0.001170849, 0.013415151, 0.00972841, -0.0053801723, 0.007020684, -0.0042269635, -0.010125308, -0.008961074, -0.0010335884, -0.0021090717, 0.014447086, -0.010522206, -0.010689785, -0.009463811, -0.016819654, -0.0139178885, 0.013379872, -0.033815708, -0.018751225, 0.012524336, 0.01942154, -0.00031503776, 0.009313872, -0.01764873, 0.0064958967, 0.01756935, 0.003338353, -0.009278593, 0.0044165924, -0.01724301, 0.017966248, 0.006200428, 0.014014908, -0.0062048384, 0.009913629, 0.015496661, -0.010839725, -0.003927085, 0.0029679148, -0.003909445, -0.016175797, -0.007964419, 0.010769165, 0.017930968, 0.024149036, 0.00065929163, -0.0041938885, 0.016096417, 0.014976284, -0.0018136032, -0.0038410902, 0.010936744, 0.00015476265, -0.010178228, -0.009049274, 0.011889299, -0.02335524, 0.0049612247, -0.012630175, -0.007915909, 0.005084704, 0.014888084, -0.0102311475, 0.017728109, -0.00094483764, 0.009904809, -0.017357672, 0.0049832743, 0.008815545, 0.0021267117, -0.009490271, -0.019897819, 0.0070603737, 0.018098548, -0.016528595, 0.065514624, 0.0019029053, -0.00063062675, 0.008528897, 0.013900248, -0.0043328027, 0.00056502834, 0.014720504, 0.011148423, 0.0011906939, -0.0047627757, 0.0057770703, 0.010751525, 0.017093072, -0.017207732, -0.0005154161, -0.005512472, 0.0011118655, -0.009552011, -0.024131397, -0.016722634, -0.008775855, -0.0038058106, -0.006826645, -0.0006576379, -0.00034370262, -0.002062767, -0.006857515, 0.02145013, -0.027535899, 0.0043923375, 0.002361543, 0.0018775478, -0.02137957, 0.0354033, 0.030587602, -0.0137414895, 0.008396597, 0.0024629724, -0.008475977, -0.010972024, -0.010663325, 0.0060063894, -0.016846113, -0.031205, -0.018398426, 0.004846565, 0.0076689506, -0.007567521, 0.0002443403, -0.030217165, 0.012630175, -0.008877285, -0.018839423, 0.024537114, 0.0013285057, 0.0021256092, -0.005697691, 0.0037969905, 0.014200128, -0.0034045025, -0.012127438, -0.005719741, 0.018363146, -0.00017309161, 0.015346722, -0.010760345, -0.011448301, -0.004079229, -0.016563876, 0.002326263, -0.011801099, 0.0069236644, -0.017216552, 0.001126198, -0.0014332427, -0.0019249552, -0.019068742, -0.009843069, -0.017833948, 0.006456207, 0.00057550205, -0.008528897, -0.013044713, 0.017975068, 0.004103484, 0.007638081, -0.026477505, 0.0030406795, -0.0055742115, 0.0008075771, -0.014843984, 0.012206817, 0.015752438, 0.003905035, -0.014482366, 0.012295017, 0.006456207, 0.0070736036, -0.03115208, -0.01576126, 0.006270988, 0.01581418, -0.0034640373, 0.013185833, 0.014500006, 0.023037722, 0.008405417, -0.0024188727, -0.0011035969, -0.0026261415, -0.013009434, -0.0038587302, 0.005662411, 0.01377677, -0.019192223, 0.019633219, -0.010169408, -0.013847329, 0.0019040077, -0.00972841, -0.0024232825, 0.012736015, -0.006213658, 0.0039976444, 0.020515215, 0.014350067, -0.010557486, -0.0012039238, 0.02159125, 0.008969894, -0.0030737543, 0.024942832, -0.016122878, 0.006972174, -0.005666821, -0.0049083047, 0.0069457144, 0.0047892355, 0.019262781, -0.009058094, 0.04681632, 0.0073073325, 0.006376827, 0.0020528445, 0.0012656635, -0.0074925516, -0.013459251, 0.005662411, 0.011421842, -0.0021355315, -0.020356456, -0.00590937, 0.0035853116, -0.018539544, 0.00782771, -0.009507911, 0.008978714, -0.008193738, 0.016828474, -0.01363565, 0.026530424, -0.020409375, -0.0013759129, -0.00036051567, -0.0047627757, -0.011307182, -0.00062125555, 0.032739673, 0.022367405, -0.005080294, -0.012136258, 0.0031685687, 0.016308097, 0.014843984, -0.0014288326, 0.008824365, 0.012295017, -0.020568134, -0.0048597953, -0.0026239366, 0.008303988, 0.0024739974, -0.008057029, 0.016854934, -0.017816309, 5.9982583e-05, 0.002042922, -0.007245593, -0.007960009, -0.009375612, -0.003505932, 0.007964419, -0.00980779, -0.019227501, -0.013291672, 0.0052346434, -0.008581816, -0.0049171248, 0.0143147865, 0.0049612247, -0.016872574, 0.0012998409, 0.0059225997]"
"
In quieter moments, Clara translated traditional Ukrainian embroidery patterns into generative AI art, donating proceeds to digital archives preserving Eastern European culture.
She contributed to open-source projects involving semantic search, vector databases, and multimodal embeddings—often experimenting with few-shot learning and graph-based retrieval techniques to improve her podcast's episode discovery engine.

One night, while sharing homemade borscht, Clara told Amir how her grandparents once used Morse code to transmit encrypted weather updates through the Carpathian Mountains during World War II.
The story sparked a conversation about ancient navigation, space weather interference with submarine cables, and the neuroscience behind why humans create myths to understand uncertainty.

To Clara, knowledge was a living system—retrieved from the past, generated in the present, and evolving toward the future.
Her life and work were testaments to the power of connecting across disciplines, borders, and generations—exactly the kind of story that RAG models were born to find.
",1094,"[-0.0008887567, -0.014014019, -0.021347335, 0.0015885989, -0.005053462, -0.009471484, -0.019080361, 0.00670217, -0.0054527586, 0.035756357, -0.023356697, 0.026413677, 0.011060083, -0.0484308, 0.019166231, 0.02557215, 0.0005715736, 0.0005246133, -0.023391046, -0.02340822, -0.0068481495, -0.057429995, -0.023373872, 0.004203347, 0.05110995, 0.005886403, 0.014812611, -0.008041745, -0.036821146, 0.00085548195, 0.055163022, -0.00887898, 0.025469104, -0.024421489, -0.031359803, -0.030604143, 0.006792334, 0.02643085, 0.008956263, -0.0041260635, -0.0055772704, -0.010235729, 0.017053824, -0.0009998513, -0.005298192, -0.03058697, 0.013730647, 0.008093268, 0.008350878, -0.0394316, -0.0065132556, -0.053067792, 0.045236427, -0.0064445594, -0.012760313, -0.013782169, 0.03429656, -0.051178645, 0.04338163, 0.012408245, 0.030020226, 0.027890645, -0.018427746, -0.020935157, 0.0055214544, -0.021519074, -0.026053023, 0.010038228, -0.042900756, 0.014812611, 0.012502703, -0.0020544447, 0.008067506, 0.022549517, 0.03357525, 0.006659235, 0.0322872, 0.033163074, -0.036340274, -0.0121077, 0.023270827, -0.009445723, -0.006753692, -0.006483201, 0.031119365, 0.011137366, 0.01412565, -0.07549709, 0.04963298, -0.0014726741, -0.049839072, 0.01357608, -0.0010948452, 0.018410573, -0.0007653183, -0.005937925, -0.0010626438, -0.013009337, -0.017809482, -0.030999146, -0.033489384, -0.0093169175, 0.004394408, -0.033077206, 0.017620567, -0.0016787626, -0.0138938, 0.032613505, -0.0009027106, 0.07508491, 0.015808705, -0.01049334, -0.027375422, -0.0049632983, -0.02493671, -0.0055600964, -0.0041432376, -0.014683806, -0.011824328, -0.050938208, 0.0002476819, -0.017826656, 0.0036151358, -0.02026537, -0.01810144, 0.012648682, 0.0140226055, -0.008552673, 0.0331459, 0.030827405, -0.010081163, 0.022274733, -0.045957737, 0.0078485375, 0.06563919, -0.0039435895, -0.004308538, -0.00015979909, 0.017405892, 0.041664228, 0.0055558025, 0.0016712489, 0.01259716, -0.0062041227, -0.041080307, -0.007904353, -0.007938701, 0.030878928, -0.0031085017, 0.00018368175, -0.011764219, 0.057670433, 0.00879311, 0.014572175, 0.031634584, -0.026877375, -0.012416832, -0.00735049, 0.020643199, 0.0032308667, 0.007552285, -0.0048473733, 0.01882275, 0.04372511, 0.03998117, -0.014082715, 0.013782169, -0.03912247, -0.020299718, 0.041732922, -0.0006241691, 0.037198976, 0.015319246, -0.008861806, -0.014374673, 0.007256033, 0.016469907, 0.01763774, -0.048259057, 0.033489384, -0.040462043, -0.0020759124, 0.032871116, 0.0043300055, 0.0072689136, 0.060796108, 0.07879451, 0.019681452, 0.021776685, -0.021312986, 0.027564337, -0.035584614, 0.041320745, -0.009531594, -0.031291105, 0.00913659, 0.005869229, -0.015662726, -0.030827405, 0.030140445, 0.0026018673, -0.047262963, -0.002588987, 0.021124072, 0.027083464, 0.017706437, -0.03204676, 0.0008104001, 0.038813334, -0.04911776, -0.022154514, -0.014117063, 0.011850089, -0.010630732, 0.006719344, -0.0026812973, 0.019097535, -0.025709542, -0.00019132957, -0.014391847, 0.011025735, -0.0140226055, 0.028079558, 0.0007637082, -0.013533145, -0.0023764581, -0.033661123, 0.0019374467, 0.00015295632, 0.020643199, -0.040977266, 0.029573701, 0.005392649, 0.0027671675, -0.0038899207, -0.0032673615, 0.022309082, -0.00896485, -0.0072130975, -0.006367276, -0.05090386, 0.0037997568, -0.016504254, -0.029882833, 0.084771074, -0.04963298, -0.01763774, 0.006002328, -0.021982774, 0.011429325, 0.012459768, 0.003211546, 0.03156589, 0.023356697, -0.038263764, 0.05238083, -0.0074406536, -0.048636887, 0.0035593202, 0.046576, 0.024507359, -0.04661035, -0.0030290717, 0.0034133408, -0.017775133, -0.0183934, -0.026602592, -0.034399606, 0.01325836, 0.021999948, -0.0006815948, -0.024627576, 0.0063200477, -0.019320797, 0.0013835838, -0.02357996, 0.0070542376, 0.014503479, -0.0065561906, -0.01300075, 0.0016723224, -0.012434007, 0.053548664, -0.016426971, -0.055815637, 0.022515168, -0.0019417402, 0.002790782, 0.0047872644, -0.0215019, -0.018668184, 0.0035099448, -0.0039908183, 0.003220133, 0.037576806, -0.019406667, 0.023614308, 0.013953909, 0.0077927215, -0.0056244987, 0.0046069366, -0.017706437, -0.009471484, -0.027461294, -0.017775133, -0.007917234, 0.016126426, 0.041286398, -0.010484753, 0.032390244, 0.025228668, 0.0056416728, 0.015989034, -0.005761891, 0.015473812, -8.090584e-05, -0.005658847, -0.005744717, 0.028474562, -0.040771175, 0.008921915, 0.015362181, -0.041939013, 0.00808468, 0.020042107, 0.0025481984, 0.010639319, 0.031720456, 0.008406694, -0.0022691204, -0.0002780048, -0.0770771, 0.02473062, 0.022017121, 0.035155263, -0.018238833, -0.009102242, 0.015731422, 0.0005645966, -0.0054871063, -0.050697774, -0.012674443, -0.0018773375, -0.0021499754, -0.026705636, -0.004396555, -0.0018118614, 0.03216698, 0.0021392417, -0.004023019, 0.0012579986, 0.002919587, 0.008604195, -0.0131724905, 0.029848486, -0.0031471432, 0.0013374286, 0.004220521, 3.9111197e-05, 0.083259754, 0.02095233, -0.02868065, -0.026499547, 0.0072946744, -0.0050234073, -0.08470237, -0.01933797, -0.022824302, 0.034519825, 0.011145953, -0.0070885858, 0.06148307, -0.04372511, -0.03491483, -0.010338773, -0.034056127, 0.022996042, -0.016135013, -0.011214649, 0.025778238, -0.005826294, 0.0054312907, 0.0059765666, 0.003911388, -0.00081737706, 0.012588573, -0.014237281, -0.017792307, -0.010313013, 0.027512815, -0.017689263, -0.017912526, 0.0042656027, 0.006633474, 0.05880392, 0.010682254, -0.0009740902, 0.02285865, -0.001881631, 0.003271655, -0.019441016, 0.015671313, -0.00040251663, 0.01882275, -0.010682254, -0.010828233, 0.00854838, -0.04252293, 0.020505806, 0.031960893, -0.013687711, -0.02213734, 0.010433231, -0.032012414, 0.014915655, 0.0183934, -0.015533921, 0.030449577, -0.05162517, 0.0027650208, 0.0047743837, 0.04647296, 0.032184154, 0.042969454, -0.048568193, 0.0069340197, 0.025039753, -0.008423868, -0.059937406, -0.025331711, -0.016255232, 0.013885213, 0.04049639, 0.03300851, -0.00014235672, -0.0439312, -0.03747376, 0.011446499, -0.01775796, 0.06381874, -0.027014768, 0.010733777, -0.034227867, -0.042900756, -0.0255378, 0.037576806, -0.019870367, -0.025520626, 0.0090850685, -0.029195871, -0.049598634, 0.0135589065, -0.063063085, -0.033678297, 0.009505833, -0.026963247, 0.008350878, 0.007719732, 0.022309082, -0.030157618, 0.010974213, 0.025984326, 0.028783694, -0.037130278, 0.003683832, -0.011008561, 0.024026485, -0.033798516, 0.008428161, 0.020780591, 0.01784383, -0.02268691, -0.004989059, -0.024163878, -0.0113606285, -0.003359672, 0.020660372, -0.0096260505, -0.018170137, -0.038126376, -0.012889119, 0.016993714, 0.018599488, 0.025932804, 0.0050105266, 0.047228616, 0.0219656, -0.032252852, -0.049736027, -0.025314538, 2.4536743e-05, 0.0005613765, 0.0183934, 0.009523006, -0.026705636, -0.047297314, -0.052415177, -0.024833664, 0.025898457, 0.011953133, 0.017706437, 0.020385588, 0.00093330187, 0.006289993, -0.007432067, 0.014735328, 0.008123322, 0.010965626, 0.0042054937, -0.005104984, -0.016512841, 0.027684556, 0.009978118, -0.029110001, 0.006594832, 0.03963769, -0.01227944, 0.007882886, 0.017277086, -0.009643225, 0.015233375, 0.0023614308, 0.0035893747, 0.022807129, -0.004555415, 0.007273207, 0.02490236, 0.0025868402, 0.005912164, -0.041492485, 0.008187724, 0.04434338, -0.0106650805, -0.0046713394, -0.023768874, 0.017620567, 0.017302848, 0.018565139, 0.002430127, -0.027083464, -0.0121334605, 0.0046069366, 0.026963247, -0.0074063055, 0.018788403, -0.0035571735, 0.01640121, -0.020334067, 0.0033532318, -0.00046799265, -0.01933797, 0.003954323, 0.019664278, 0.014426195, -0.0018719706, 0.038504202, 0.012889119, 0.0060581435, -0.014142823, -0.047434706, 0.01648708, -0.0015982593, -0.012382484, 0.0015778651, -0.0070671183, -0.033111554, -0.006045263, 0.01954406, -0.030827405, -0.044789903, -0.022429299, -0.008724414, -0.0064102113, -0.009042134, -0.0022862945, 0.004016579, 0.009952357, -0.032063935, 0.0006563704, 0.005701782, 0.028028037, -0.0100897495, -0.014992939, 0.018582314, -0.016821975, -0.0215019, 0.005113571, 0.021141246, 0.0050749294, -0.031325452, -0.012468355, 0.032355897, 0.027907819, 0.0023936322, -0.027358249, 0.038057677, 0.010587797, -0.0038083438, -0.020849288, -0.077214494, 0.0051006908, -0.012846184, 0.04379381, 0.009385614, -0.027667383, -0.0023764581, 0.0023914853, -0.018015571, 0.023631481, 0.0063372217, -0.016238056, 0.0017624861, -0.01438326, -0.0107423635, 0.009325505, -0.03144567, 0.04640426, 0.016444145, -0.040221605, 0.003271655, -0.0037589686, -0.036649406, 0.027117813, -0.012167809, -0.010029641, 0.01945819, -0.0037160334, -0.02009363, 0.0030376588, 0.013593255, -0.0066978764, 0.0059937406, -0.017216977, -0.0011753485, -0.009763443, 0.011214649, -0.0131724905, 0.019629931, 0.013215425, -0.04269467, -0.040805526, -0.0043536196, -0.022034297, -0.009565941, -0.001162468, -0.0114379125, -0.012116287, -0.0066678217, 0.019046012, -0.0024795022, -0.021278638, 0.030896101, -0.01640121, 0.03692419, 0.008183431, -0.024421489, 0.03084458, 0.010914104, -0.03412482, 0.021759512, 0.008904741, 0.0016637354, 0.037679847, -0.018496443, 0.010991387, -0.010364534, 0.0024859426, -0.025074102, -0.0197158, 0.033197425, 0.006195536, 0.010330186, -0.030312184, 0.0036172827, 0.021295812, -0.020849288, -0.044240333, 0.012983575, 6.6884844e-05, -0.02315061, 0.0023464034, -0.025984326, 0.012021829, -0.033558078, 0.023992136, -0.017895352, 0.0011978894, -0.011154541, -0.017809482, -0.0011978894, -0.020746242, -0.0052595506, -0.0038963608, 0.0017861004, 0.03551592, 0.02162212, -0.018462095, 0.0040852753, 0.0045811757, 0.006981248, -0.010184207, 0.015405116, -0.009291157, 0.021227116, 0.0070370636, -0.0002211158, 0.0066635283, -0.025520626, -0.041114658, 0.0034627162, -0.0011206062, 0.0076467423, -0.010287251, 0.00015617645, 0.019629931, -0.021209942, 0.015851641, -0.0025868402, -0.006508962, 0.008325117, 0.021175593, 0.009273983, 0.010141272, -0.022291906, -0.019423842, 0.014194346, 0.0183934, -0.0013256214, 0.012794661, -0.009222461, 0.012640095, -0.018788403, 0.029470656, 0.011884437, 0.021278638, -0.009643225, 0.010622145, 0.03474309, 0.0033424979, 0.024953883, 0.025039753, 0.0038834803, 0.0022798541, -0.026104543, 0.020694721, -0.004491012, -0.0027821949, -0.004971885, -0.023683004, 0.016100664, -0.0057704784, -0.021227116, 0.03343786, -0.046163827, -0.01767209, 0.004016579, 0.019046012, -0.020145152, -0.006191242, -0.0014061247, -0.011858677, 0.0062942863, 0.0025782532, 0.0073032617, 0.032081112, 0.030655665, -0.018135788, -0.010458992, -0.009437136, -0.023391046, -0.016744692, -0.013060859, 0.029556526, -0.027993688, 0.025005406, -0.007535111, 0.00856126, 0.00048463, 0.009531594, -0.016770452, -0.027976515, -0.0034519825, -0.008694359, 0.014263042, -0.024026485, 0.010785298, 0.020213848, -0.025984326, 0.00621271, -0.009488658, -0.004907483, -0.03589375, 0.006508962, -0.019681452, 0.00913659, -0.010467579, 0.011480847, -0.0025696661, -0.024232574, -0.027426945, 0.013155316, -0.02706629, 0.0068782037, 0.0009826772, -0.0013653364, -0.035309833, 0.013902388, -0.042007707, -0.029539352, 0.0065218424, 0.0037568216, 0.0033210304, -0.00201795, 0.015705662, 0.022188863, -0.00058338075, -0.018788403, 0.041183352, -0.031668935, -0.005598738, -0.020419937, -0.012494116, 0.021776685, 0.03338634, 0.004667046, 0.014692393, 0.024009312, 0.00063973304, 0.012889119, -0.035790704, -0.01954406, 0.019990586, -0.013052272, 0.01646132, -0.028457388, 0.026293458, -0.0014726741, -0.015327833, 0.0057704784, 0.03802333, -0.014992939, -0.029762615, 0.009170938, 0.0034670099, -0.022240385, 0.008896153, -0.0001863652, -0.010364534, 0.0011882291, -0.035103742, -0.0054141167, 0.0047572097, 0.041492485, -0.0037933167, -0.014477718, -0.01340434, -0.011678348, 0.004765797, -0.006517549, 0.0038705997, 0.009265396, 0.027220856, 0.010630732, -0.028388692, -0.0042248145, -0.045992084, 0.009342679, -0.026241936, 0.019732974, -0.01599762, -0.0005436658, -0.028371518, 0.013009337, 0.027375422, 0.0058477614, 0.02043711, -0.0019578408, 0.005877816, -0.0021950572, 0.009892249, -0.00022366506, 0.021124072, 0.014031192, -0.00043659637, 0.028543258, -0.034021776, -0.012528464, -0.0077326125, -0.0064102113, -0.04324424, -0.012202157, 0.025005406, -0.0069597806, -0.031119365, 0.016882084, -0.0016927165, -0.0044266093, 0.044686858, -0.0029968703, -0.029882833, 0.005465639, -0.02617324, -0.04372511, 0.014245868, -0.014014019, -0.039878126, 0.0087201195, -0.008569847, 0.023064738, -0.023545612, -0.015387942, -0.016813388, 0.039191164, 0.0050405813, 0.027581511, 0.012537051, -0.019784497, -0.01695078, 0.034725912, 0.018032745, 0.023459742, 0.0385729, 0.011652588, 0.010776712, -0.0069254325, -0.008380933, 0.021948425, -0.0043643536, 0.00322872, -0.03912247, -0.029350437, 0.030638492, -0.010295838, 0.017440239, -0.01081106, -0.00830365, 0.014263042, 0.008681478, 0.001065864, -0.04898037, -0.025348887, 0.005774772, -0.015636966, 0.0034369552, -0.028199777, -0.018049918, 0.020402763, 0.016435558, 0.035035048, 0.015327833, 0.027667383, 0.0029947236, -0.021896904, 0.015688488, -0.0044695446, 0.035550267, 0.00013953909, -0.038847685, -0.01268303, 0.026946072, 0.025263015, 0.03589375, -0.009059307, -0.0144863045, -0.009256809, 0.014761089, -0.02213734, -0.023957789, -0.00079805625, 0.003958617, 0.0030054573, -0.0020415643, -0.030827405, -0.0050105266, 0.030277837, 0.055128675, -0.020763418, 0.00193852, -0.03623723, 0.003132116, 0.028938262, -0.005615912, 0.010347361, -0.014743915, -0.0019310063, -0.031771977, 0.019149058, 0.028921086, 0.0020200966, 0.018805576, -0.028319996, 0.013816517, -0.008629956, 0.020814938, -0.012021829, 0.05217474, 0.005955099, 0.0053196596, -0.006448853, -0.0077798413, -0.0385729, -0.023683004, 0.0139453225, 0.029127175, -0.0029775496, 0.046919484, 0.03424504, 0.0340733, -0.036855493, 0.03381569, 0.007955875, 0.0013299149, 0.0083122365, 0.013163904, -0.01380793, -0.0077240253, -0.012245093, -0.022807129, 0.007882886, 0.04592339, 0.00678804, -0.03620288, -0.008496857, 0.0027650208, -0.0054441714, -0.0025911336, -0.00012900657, 0.012202157, 0.003982231, -0.017216977, 0.027942168, -0.0067236377, 0.017775133, 0.005852055, 0.016916431, 0.003911388, 0.012811836, -0.05327388, -0.024266921, 0.02430127, 0.009505833, 0.030913277, -0.013464449, 0.039568994, 0.011377803, -0.013206839, -0.0010465432, 0.02655107, -0.014623697, -0.006676409, 0.029213047, 0.011480847, 0.014666632, -0.01992189, -0.012545638, -0.011137366, -0.02311626, -0.0073934253, 0.031600237, 0.027049117, -0.020643199, -0.015053048, 0.019904714, 0.008973437, -0.0026834442, 0.008724414, 0.00452536, -0.010768125, 0.004059514, 0.021433204, 0.005869229, 0.007882886, -0.0037375009, 0.004269896, -0.024352793, -0.00896485, -0.01616936, 0.002359284, -0.01611784, 0.000677838, 0.018118614, 0.025056928, 0.02617324, -2.1148893e-05, -0.017380131, -0.028182603, -0.0071100537, -0.009170938, -0.0012161369, -0.021999948, -0.020814938, -0.00057264697, 0.011901611, 0.018084267, 0.012777488, -0.02455888, -0.0013309882, 0.06399048, 0.0061354265, -0.011798567, 0.0035421462, -0.012305201, -0.0035185318, 0.016521428, 0.022515168, 0.0107423635, 0.0042591626, 0.00034401752, 0.023992136, -0.014391847, -0.007818483, -0.017517524, 0.009600289, 0.025709542, 0.012554225, 0.0055429223, 0.0003759505, -0.009102242, 0.006581952, 0.0054312907, 0.00678804, -0.019595582, -0.0025481984, 0.03508657, -0.009583116, -0.0054613454, -0.008067506, 0.022875825, 0.024833664, 0.018977316, 0.01274314, 0.022892999, 0.012863358, -0.013936736, 0.016590124, -0.009737682, 0.021759512, 0.003973644, 0.00037675555, -0.022910172, 0.0020587384, 0.011738458, -0.0008297209, 0.015800118, -0.027289553, 0.008939089, 0.009643225, 0.016092077, -0.01049334, 0.025142798, -0.009042134, 0.01706241, 0.023854746, 0.0242154, 0.019647105, 0.01988754, 0.041183352, 0.00911083, -0.0009875074, 0.010330186, -0.034090474, 0.0021016735, 0.0041282102, -0.0022133046, 5.3769512e-05, -0.021347335, -0.030432403, -0.03149719, 0.002035124, -0.006551897, 0.0051693865, -0.008531205, -0.019681452, -0.019732974, -0.020196674, 0.015671313, -0.018719707, 0.018152963, 0.044892948, -0.01219357, -0.002614748, -0.007157282, -0.016650233, -0.026035847, 0.009119417, -0.019252101, -0.010270077, -0.025761064, -0.003922122, -0.006247058, -0.0168048, 0.00021937155, 0.00023372799, -0.0035743476, 0.02095233, 0.0024752088, 0.006912552, -0.017362956, -0.008239247, 0.019097535, -0.038126376, 0.015679901, -0.032407418, -0.006036676, -0.017019477, 0.024988232, 0.011523782, -0.011394977, -0.0010100483, -0.012210744, 0.019252101, -0.016186535, -0.030106096, 0.030174792, 0.0025031166, 0.011188889, 0.0255378, 0.001955694, -0.0038083438, 0.034227867, -0.011420738, -0.003868453, 0.005598738, -0.004735742, -0.011420738, -0.01591175, -0.013215425, 0.014039779, 0.0012891266, 0.01519044, 0.017362956, 0.02098668, -0.03338634, 0.003378993, 0.00022581182, 0.022549517, 0.0005839174, 0.01487272, -0.024318444, 0.028714998, -0.01582588, -0.0018708972, -0.0188571, -0.039328557, 0.020711895, 0.005448465, -0.012434007, 0.01882275, -0.019406667, -0.003958617, 0.027959341, -0.0018676771, -0.022463648, -0.021914078, 0.008801697, -0.012932054, -0.00076048804, 0.0336096, -0.014391847, -0.004222668, -0.021948425, -0.00355288, 0.025726715, 0.0016680289, 0.058666527, -0.0022133046, -0.0075823395, -0.023648657, 0.017689263, 0.017165456, 0.014958591, -0.008423868, 0.010570623, 0.010055401, -0.017019477, -0.006255645, -0.028079558, -0.010999974, -0.013816517, -0.012889119, 0.0016175801, 0.02060885, -0.002046931, -0.0069898353, 0.00443949, 0.004585469, 0.013301296, 0.00805892, 0.019475363, -0.00053937227, -0.026344981, 0.009849314, 0.0021360214, -0.048499495, -0.020832114, 0.030071748, -0.021484727, -0.022944521, -0.004649872, 0.00879311, 0.0010401029, -0.010785298, 0.012184983, -0.01822166, -0.008183431, -0.0025396114, -0.0009359853, 0.029711094, 0.0053024855, 0.017826656, 0.021209942, 0.020059282, -0.017706437, -0.009729095, -0.024868013, -0.009042134, 0.019406667, 0.010871169, -0.006903965, -0.020729069, -0.0040659546, -0.030226314, -0.015894577, 0.0075050564, 0.0031192354, -0.014391847, -0.010287251, -0.018152963, 0.011137366, -0.0019288596, 0.017551871, 0.010141272, -0.0006005548, -0.015199027, 0.0036086957, -0.0019352998, 0.002299175, 0.018410573, -0.013035098, -0.003290976, 0.034657218, -0.00026378257, -9.090167e-05, 0.017689263, -0.017912526, -0.00021548056, -0.023442568, 0.0070671183, 0.004795851, 0.009849314, 0.0011850089, -0.0028208364, 0.033042856, -0.002148902, -0.02205147, -0.03283677, -0.00019320798, 0.0054613454, -0.022669736, 5.2930936e-05, -0.0062856996, -0.01775796, 0.002162856, -0.012039004, -0.0071830433, -0.020591676, 0.0115151955, -0.020248195, 0.014134237, -0.026138892, 0.002518144, 0.014580762, -0.0056244987, 0.006002328, -0.00075136434, -0.0029882833, 0.005774772, -0.01308662, 0.054785196, 0.011317694, -0.016074903, 0.002350697, 0.010235729, -0.020127978, -0.020368414, 0.0039199754, -0.023219304, -0.030999146, -0.0055386284, -0.0013009337, 0.012871944, -0.027684556, -0.008896153, -0.0052938983, 0.042797714, -0.034640044, -0.020574503, 0.004061661, -0.014134237, 0.021879729, 0.0053625945, -0.023442568, 0.010235729, 0.007981637, -0.0116697615, 0.0072431522, -0.0036816853, -0.006156894, -0.008754468, -0.014537827, 0.0013932441, -0.019183405, -0.012657269, 0.021553423, 0.01510457, -0.0032845356, -0.018925795, 0.0012633655, 0.012176396, 0.06677268, -0.012210744, -0.0056803143, 0.025331711, -0.0035013577, 0.0066248868, 0.009419962, 0.0023614308, -0.032991335, -0.020024933, 0.0075222305, -0.014864134, 0.0056416728, 0.045614257, -0.012476942, 0.02510845, 0.0011034323, 0.001364263, 0.0057661845, -0.038710292, -0.036031142, 0.020059282, -0.006148307, 0.012176396, -0.023339523, 0.014520653, 0.0023893386, 0.022343429, -0.012305201, 0.039019424, -0.0022798541, -0.005568683, -0.0010524468, 0.00638445, -0.01712252, 0.029041305, 0.0034069007, 0.0044266093, 0.014142823, 0.008123322, -0.011686936, -0.028972609, -0.008569847, 0.0015381501, -0.019629931, 0.0057533043, 0.013619016, -0.0051092776, 0.003930709, 0.012245093, -0.0013664097, 0.027014768, -0.01933797, -0.014889895, -0.021312986, 0.01937232, 0.01735437, -0.038160723, -0.0027134987, -0.007122934, -0.014597936, 0.00638445, -0.007900059, 0.023339523, -0.012829009, -0.0041024494, -0.027306726, 0.011137366, 0.028405866, -0.020213848, 0.0051565063, -0.017079584, 0.026104543, -0.0026705635, -0.022206036, 0.015259136, -0.009488658, -0.013971084, 0.008939089, -0.0030054573, 0.003507798, 0.0022755605, 0.01178998, 0.012614334, -0.026018674, -0.010416057, 0.03271655, -0.013412927, -0.002552492, -0.00484308, -0.004096009, 0.027220856, -0.036718104, 0.032304373, 0.04355337, -0.02115842, 0.00994377, -0.013052272, -0.0040723947, -0.006599126, -0.0028809456, 0.0075823395, -0.0067966273, -0.012004656, 0.020488633, 0.009634637, 0.0047743837, -0.037198976, -0.012760313, 0.003306003, 0.0021939839, -0.0035035047, -0.010630732, 0.0063458085, 0.010914104, -0.0027950753, -0.02026537, 0.019252101, -0.015817292, -0.02557215, 0.00076048804, 0.0037267671, -0.015791532, -0.011231824, -0.0035979617, 0.016315341, -0.008368052, -0.004104596, -0.009093655, -0.0029067066, -0.0006193389, -0.0042140805, -0.010622145, -0.018685358, 0.008913328, 0.012665856, -0.014451956, 0.022206036, 0.0024344204, -0.0073461966, -0.013421514, 0.010587797, -0.0028272767, 0.012863358, 0.02052298, -0.014649458, 0.0037224737, 0.010476165, 0.019475363, -0.012502703, -0.026259111, 0.0048387866, 0.047537748, -0.017225564, 0.0024859426, 0.010510514, 0.02473062, -0.037405062, 0.020402763, -0.017861003, -0.0034369552, -0.00040815186, 0.003237307, 0.00524667, 0.017174043, 0.010484753, 0.018015571, 0.00081147347, 0.007934407, -0.0032222797, -0.026018674, -0.0041947598, -0.014555001, -0.029814137, -0.020024933, 0.01057921, -0.013773582, -0.011729871, 0.020213848, -0.012854771, 0.0035593202, 0.04626687, -0.0077154385, 0.009995293, 0.008629956, 0.022360602, -0.003484184, 0.016469907, -0.010914104, 0.007543698, -0.0014705274, 0.016916431, 0.0033532318, 0.012751726, -0.0013138142, -0.002728526, -0.016444145, 0.00857414, 0.002464475, 0.00201795, -0.011927373, 0.0016283139, -0.013284122, 0.01438326, -0.0072603263, 0.0048387866, -0.0077497866, 0.025125625, -0.0042656027, 0.014056954, -0.003806197, -0.019200578, -0.015207615, 0.0011431472, 0.010433231, 0.015928924, 0.015267723, -0.028491735, 0.00081737706, 0.016332515, -0.014992939, 0.0125198765, -0.0029367611, 0.0095487675, -0.008990611, 0.0028745052, 0.016298166, 0.0115151955, -0.0098579, 0.0023893386, 0.023064738, 0.013112381, 0.016521428, 0.0021156273, -0.0071014664, 0.0132326, -0.0044867187, -0.025778238, -0.009737682, 0.00492895, -0.010879756, 0.008904741, 0.008196312, -0.0073032617, 0.0004320345, 0.003089181, -0.00014946783, -0.00832941, -0.012665856, 0.0051522125, 2.5106974e-05, -0.0025202907, -0.0013803636, -0.007359077, 0.0075050564, -0.006551897, -0.019234927, 0.025348887, 0.005079223, 0.00011733359, -0.016581537, -0.016109252, -0.010604971, 0.015868815, 0.023425393, 0.000848505, -0.000605385, 0.015061635, 0.0036301631, 0.030861754, 0.00052434497, 0.011523782, 0.01611784, -0.018359052, 0.021295812, -0.0065561906, -0.0037160334, 0.008784522, -0.025005406, -0.015868815, 0.014263042, -0.03565331, 0.0028745052, -0.02718651, -0.03496635, 0.023219304, 0.003112795, -0.006762279, -0.003001164, -0.0041947598, -0.021553423, -0.012640095, 0.02158777, 0.016942192, -0.016787626, 0.0144090215, -0.013687711, 0.00015698148, -0.001793614, -0.007256033, -0.0072474456, -0.010209968, 0.006049556, -0.017517524, -0.0028981196, -0.007612394, 0.0057361303, 0.002814396, 0.012648682, 0.004954711, -0.01219357, 0.012176396, 0.0028401571, 0.012665856, -0.027306726, -0.0016240204, 0.010656493, -0.0011399271, -0.008982024, 0.0034798903, 0.008921915, -0.006466027, -0.0055772704, 0.0035442929, -0.03216698, -0.004709981, 0.013009337, -0.00856126, 0.028474562, 0.01873688, 0.026448024, 0.0012494116, 0.010330186, -0.016641647, -0.001491995, -0.021742338, -0.015130331, 0.0005586931, 0.024146704, 0.0016583685, -0.015748596, 0.013301296, -0.025778238, 0.010510514, 0.02107255, 0.0008533352, 0.010536275, 0.025589323, 0.013060859, 0.0022562398, -0.021759512, 0.0120561775, 0.0047572097, -0.0053625945, 0.008939089, -0.026843028, -0.0068266816, -0.014048367, -0.017500348, -0.018582314, 0.013069446, 0.0015950392, -0.017740786, 0.0010631805, -0.020883635, 0.012691617, -0.0014093448, -0.0003373089, 0.0059078704, -0.009694747, 0.0003856109, 0.0014887748, 0.0034283681, -0.017603394, -0.013378579, 0.008904741, 0.016530016, -0.00775408, 0.004907483, 0.0035442929, -0.008333704, 0.0013524558, 0.0031471432, 0.007359077, 0.0016562217, -0.0029603755, 0.005019114, 0.018427746, 0.012210744, -0.008415281, 0.011918785, 0.0015789384, -0.027117813, -0.0074578277, -0.009677573, 0.0022261853, -0.008410987, 0.0043300055, 0.028646303, 0.0022948815, -0.011575305, 0.0026598298, -0.012794661, -0.011644, -0.0046412847, -0.013971084, 0.0040681013, 0.009849314, 0.01830753, 0.003868453, -0.011609652, 0.005465639, -4.0956067e-05, -0.01988754, 0.0014490598, 0.0014984352, -0.001517756, -0.016890671, -0.008690066, -0.0037697023, 0.022257559, -0.0113606285, -0.0033424979, -0.010922691, -0.0058477614, 0.0031085017, 0.0020501513, 0.015860228, -0.0010884049, -0.0031299691, -0.00830365, -0.013541732, 0.014864134, 0.0064617335, 0.008677185, 0.020334067, 0.014400435, -0.0011130926, -0.016512841, 0.0068438556, -0.01695078, 0.011377803, -0.0033102967, 0.004718568, 0.008539792, -0.0018773375, -0.012871944, -0.011463673, 0.020179499, -0.007028477, 0.0011935959, -0.0051178643, 0.021055376, -0.0021875435, -0.005457052, -0.014597936, -0.015259136, 0.019612756, -0.0135589065, -0.0006429532, -0.010115511, 0.009059307, 0.013378579, 0.011815741, -0.041732922, 0.016358275, 0.009213873, 0.020316891, -0.012356724, -0.0044867187, 0.006955487, -0.0056545534, -0.007947288, -0.012622921, -0.014606523, 0.018135788, 0.008410987, 0.004585469, -0.016942192, 0.0037203268, 0.017740786, -0.046988178, 0.006324341, 0.0011860823, 0.022446474, -0.013670538, 0.020162325, -0.0035915216, -0.000101501275, -0.0014265189, -0.00019428135, 0.0137134725, -0.017912526, -0.019561235, 0.012588573, -0.018599488, 0.010570623, -0.0063543958, -0.0010991388, -0.018376226, -0.003911388, -0.004907483, 0.009128003, -0.019904714, -0.0016272404, 0.0008163037, 0.017079584, 0.02009363, 0.006242764, 0.00059840805, -0.027444119, 0.0179297, 0.018754054, -0.006071024, -0.0023828985, 0.010158446, 0.0018032744, 0.0070757056, -0.0161436, -0.0012161369, 0.0071873367, -0.019904714, 0.0049332436, -0.0011935959, 0.009754856, -0.004132504, 0.0050319945, 0.0062041227, -0.011103018, 0.017551871, -0.0036108424, -0.0188571, 0.0054269973, -0.000945109, -0.031480018, -0.0188571, 0.008921915, -0.018496443, -0.009909422, 0.017174043, 0.0013975376, 0.009273983, -0.012528464, -0.00056889013, 0.0041432376, -0.00070252566, 0.025503453, 0.01000388, -0.015585443, 0.001961061, 0.014400435, 0.004297804, -0.00086138555, -0.013696299, 0.0034519825, -0.0040659546, 0.018616661, 0.006255645, -0.019131882, 0.003263068, 0.025864108, 0.008170551, 0.00093491195, -0.0045124795, -0.0067493985, 0.010510514, -0.011154541, -0.005903577, 0.0004894602, -0.0028358637, -0.0019524739, -0.0053497143, -0.00051092776, 0.01810144, 0.0046885135, 0.012906292, 0.0016197269, 0.02392344, -0.011893025, -0.008149083, -0.018135788, 0.026327807, -0.0038212244, 0.011145953, 0.009342679, -0.011266172, 0.016993714, -0.020677546, 0.006165481, 0.017981222, -0.0048001446, 0.0041775857, 0.0050663427, 0.016581537, 0.015989034, 0.012957815, 0.0053668884, -0.026413677, 0.019234927, -0.016581537, -0.001324548, 0.008419574, -0.013850865, -0.027117813, 0.0010513734, 0.024541706, 0.009419962, 0.00411533, -0.013043685, 0.004053074, 0.026259111, 0.0071100537, 0.010776712, -9.687233e-05, 0.003683832, -0.002588987, -0.0006746178, -0.01622947, 0.0045811757, -0.008144789, -0.008307943, -0.00977203, 0.0044609574, -0.015010113, -0.013447275, 0.005096397, -0.0102013815, 0.025005406, 0.021896904, 0.014228694, -0.006332928, -0.0027757545, -0.005315366, 0.000920958, -0.0049590045, -0.005062049, 0.020557329, 0.034691565, 0.015293485, -0.0040659546, -0.00808468, 0.0057232496, -0.016031967, 0.011214649, -0.01340434, 0.0010138052, -0.011970308, 0.020024933, -0.007165869, -0.018616661, -0.015061635, -0.0024666218, -0.016753279, -0.0015295631, -0.009531594, 0.009256809, -0.021089723, -0.011008561, 0.009926597, 0.013146729, -0.009789204, -0.00879311, 0.0063114604, -0.014460543, -0.038126376, -0.014031192, -0.0065476038, 0.004246282, 0.00091827457, -0.022875825, -0.008114735, 0.0047529163, 0.0065132556, 0.010888343, 0.0006912552, -0.01236531, -0.007324729, -0.002455888, 0.008183431, 0.013661951, 0.0139453225, 0.0009816039, 0.017337196, 0.0093169175, 0.0035099448, 0.032905463, -0.002887386, -0.017466001, -0.0113606285, 0.006307167, 0.008119028, 0.010098337, -0.004984766, -0.03374699, 0.015714249, -0.0033017097, 0.012863358, -0.01622947, -0.022532344, -0.018067092, 0.029247394, 0.02582976, -0.007298968, -0.009170938, 0.0012300907, 0.000133233, 0.009299744, 0.0055214544, -0.0017785868, -0.0058649355, -0.0069340197, -0.0073118485, -0.012288027, -0.0055214544, 0.001560691, -0.0030290717, -0.0022927346, 0.00084206474, 0.00896485, 0.0026512428, -0.01611784, 0.0047572097, 0.0035035047, 0.015439464, -0.009900835, 0.012837596, 0.016512841, 0.0070585315, 0.003007604, 0.012932054, 0.012502703, -0.0022583865, 0.0004567222, -0.025795411, 0.021124072, -0.0036645113, 0.002816543, -0.012502703, 0.0029646691, 0.007908646, -0.01602338, -0.021639293, -0.0021864702, 0.013292708, 0.010510514, -0.011163128, 0.00331459, -0.0020587384, 0.0036795386, 0.0022562398, -0.015216202, -0.007908646, 0.016864909, -0.009351266, -0.006178362, 0.010999974, -0.016375449, 5.802948e-05, 0.008265008, -0.001958914, -0.0032866823, -0.010991387, -0.011188889, -0.0088532185, -0.0010696208, 0.002003996, -0.005955099, 0.011832915, 0.032270025, -0.006599126, 0.0026598298, 0.010716602, 0.017560458, 0.023511264, 0.019509712, -0.015241963, 0.0055429223, 0.01593751, 0.0035593202, -0.011120193, -0.009411375, -0.019784497, 0.012305201, -0.010527688, -0.012330962, -0.016581537, -0.017105347, -0.010999974, -0.012021829, -0.0025224374, -0.011566717, 0.0028702118, -0.0077841347, 0.029917182, -0.0139453225, 0.0011087991, 0.008363758, -0.00052515, -0.0070499443, -0.010690841, -0.008093268, 0.010158446, 0.029556526, 0.012081939, 0.0068481495, -0.018805576, -0.016349688, 0.029556526, 0.002911, -0.029470656, -0.002245506, -0.0033102967, 0.022068644, -0.013584668, -0.02880087, -0.018204484, -0.0023828985, -0.009720508, -0.0027435531, -0.024198225, -0.008222072, -0.007208804, 0.001347089, 0.027426945, -0.02430127, -0.0087201195, 0.010604971, -0.0024837959, -0.01671893, 0.0018741174, -0.028835217, 0.0027714611, -0.039259862, 0.015817292, -0.010192794, 0.007131521, 0.0038813336, -0.00936844, -0.042935107, 0.0027328194, -0.025434757, -0.013335643, 0.003941443, -0.0100897495, 0.0020844995, 0.0010154153, 0.00936844, -6.21385e-06, 0.026688462, -0.0024172463, 0.0039607636, 0.022206036, 0.009591702, 0.005886403, 0.015216202, -0.019595582, 0.0026834442, 0.011266172, -0.0007459975, 0.008428161, 0.010974213, -0.017946875, -0.006272819, 0.0021778832, 0.004984766, -0.017964048, -0.009514419, -0.009583116, 0.021742338, 0.020591676, -0.010622145, -0.0039328556, 0.0038212244, -0.0150187, -0.010871169, 0.0029775496, 0.021347335, -0.0127087915, 0.015980447, 0.025245842, -0.0215019, -0.005998034, 0.00847539, 0.008295062, -0.0042956574, -0.003499211, 0.00945431, -0.019406667, -0.012442593, 0.009497246, 0.00808468, 0.0036172827, -0.004516773, 0.027924992, 0.027134987, -0.0091623515, 0.021862555, -0.012270853, -0.020162325, -0.009213873, 0.010948452, -0.025554975, 0.0060109147, -0.006762279, -0.012210744, -0.004396555, 0.011738458, 0.009746269, -0.029539352, 0.0018923648, -0.03517244, -0.021175593, -0.0010084383, 0.009170938, 0.011532369, -0.0013009337, 0.0067665726, -0.0014587202, 0.0005721103, 0.019217754, -0.016100664, 0.01775796, 0.011008561, 0.0033038564, -0.006569071, -0.0078098956, 0.0056073247, 0.010905517, 0.015362181, -0.009986705, 0.002657683, -0.0019739415, 0.0042827767, 0.011154541, 0.03187502, -0.023648657, -0.01648708, 0.00013041538, -0.01421152, 0.0048473733, 0.008896153, -0.012588573, -0.00062738924, 0.0087759355, 0.004602643, 0.007526524, -0.024541706, -0.022927346, 0.0119788945, 0.0039607636, 0.004059514, 0.00887898, 0.039019424, -0.0036151358, 0.009746269, -0.026774332, -0.013747821, -0.01219357, 0.017277086, -3.0859606e-05, 0.0007046724, -0.021278638, -0.01763774, -0.007526524, 0.011729871, 0.005113571, -0.015284898, 0.014417608, 0.01089693, 0.0046241106, -0.00322872, 0.017311435, 0.008037452, 0.0035013577, 0.012322376, 0.0023657244, -0.0031707576, 0.0067794533, -0.009308331, 0.0073032617, 0.011601065, 0.007543698, 0.006736518, 0.004209787, 0.014752503, 0.007857124, 0.002790782, 0.0032695082, -0.012940641, -0.030535446, 0.008999198, 0.012700204, -0.009960945, -0.0046455786, 0.01138639, 0.009677573, -0.0066635283, 0.0081018545, -0.02617324, 0.01890862, 0.0076639163, -0.0024365673, 0.010639319, 0.012090526, 0.022704083, 0.010673667, -0.0032566278, 0.003078447, 0.0077927215, -0.0057704784, -0.005615912, -0.00670217, -0.009222461, 0.009102242, 0.020626025, 0.0073547834, 0.019166231, -0.012571399, -0.0077755474, 0.024421489, 0.009059307, -0.008514032, -0.00629858, -0.013833691, -0.00566314, 0.004027313, 0.009969532, 0.0038341049, -0.010441817, -0.014735328, 0.0015241962, 0.004473838, 0.008758762, 0.011042909, 0.0049761785, 0.0033017097, -0.0064960816, -0.0037482348, -0.012073352, 0.025142798, -0.0062685255, 0.027272379, -0.009823552, -0.017371545, -0.007535111, -0.0028358637, 0.019252101, -0.03675245, 0.00023131288, -0.017448828, 0.011532369, -0.015267723, 0.013644776, 0.003930709, -0.0083895195, 0.014469131, -0.00096228305, -0.015697075, 0.024764968, -0.00076102477, -0.011420738, -0.024593228, 0.00028632348, 0.03127393, 0.009377027, -0.006551897, -0.012116287, 0.02923022, -0.028921086, 0.03242459, 0.0049632983, -0.0025739595, 0.014108475, 0.012270853, -0.015405116, 0.004778677, 0.0076209814, 0.0018623102, 0.012356724, -0.004727155, 0.0011946693, -0.011953133, 0.004222668, -0.022789953, -0.0043815277, 0.0047872644, -0.009497246, 0.020110803, 0.0013599695, 0.0038448386, -0.012906292, 0.005839174, -0.003376846, 0.0033296174, -0.004053074, 0.008445336, 0.003649484, -0.016581537, -0.007608101, 0.0004725545, -0.029917182, 0.01519044, 0.008441042, 0.028749347, -0.0068438556, 0.024318444, -0.014417608, 0.0044781314, 0.024747794, -0.01822166, -0.0197158, 0.0114379125, -0.00079483615, 0.024507359, 1.1706525e-05, 0.011987481, 0.007608101, -0.0062041227, -0.0037289138, -0.0024236867, -0.003104208, 0.020385588, 0.00043605966, -0.0037332075, 0.004396555, 0.012829009, 0.0063200477, -0.0034498358, -0.0031986653, -0.017431652, -0.021845382, -0.01818731, -0.020248195, -0.006500375, -0.014331738, 0.017620567, 0.004924657, -0.0013621162, 0.015903164, 0.0111287795, 0.00654331, 0.0033704059, -0.011085845, -0.01712252, 0.01274314, -0.009591702, -0.012622921, -0.0070027155, -0.004649872, 0.0024108062, 0.014958591, 0.0089305015, 0.0063200477, 0.00034670098, -0.011103018, 0.009960945, -0.004104596, 0.041149005, -0.024696272, 0.0067150504, 0.002814396, 0.019990586, 0.012330962, -0.0114379125, -0.0033811396, 0.013301296, 0.016925018, 0.024318444, 0.003988671, 0.00037675555, -0.018238833, 0.015241963, 0.0069426065, -0.025520626, -0.0060839043, -0.022996042, 0.0036301631, -0.01155813, 0.007973049, 0.0056202053, 0.005937925, 0.014812611, -0.0028723585, -0.01718263, -0.012854771, -0.00026324586, -0.010914104, -0.004306391, -0.0020995266, -0.026018674, 0.003941443, 0.004572589, -0.025314538, 0.023803223, 0.0044351965, 0.02582976, 0.00848827, -0.002105967, -0.008578434, -0.011309107, 0.006968368, -0.0007154062, 0.01605773, -0.0132497735, -0.008836045, -0.00027693145, -0.034554172, 0.008149083, 0.021003854, -0.013344231, 0.005272431, 0.008174844, 0.022807129, -0.005804826, -0.00055332616, 0.014091302, 0.020883635, 0.0042784833, 0.015473812, 0.0028530378, 0.03093045, -0.00395647, 0.013953909, -0.012691617, 0.0042484286, 0.00035958152, 0.0051178643, -0.004778677, -0.0010529835, -0.009059307, -0.008904741, -0.0051607997, -0.014838372, -0.012485528, 0.0093169175, -0.018839924, -0.011729871, 0.0022798541, -0.018032745, 0.020505806, 0.0018301089, -0.0048817215, 0.021776685, -0.007535111, 0.0115924785, -0.028955435, -0.011455086, -0.013996844, 0.025709542, 0.014117063, 0.008707239, -0.013773582, -0.014314564, 0.021330161, -0.023803223, -0.0046412847, 0.004868841, -0.0077755474, -0.0010583503, 0.022429299, 0.0077841347, -0.02706629, 0.0042054937, 0.0039500296, 0.0073118485, 0.0065905387, 0.02205147, 0.0036451905, -0.013601841, -0.0007438507, 0.0013567493, -0.00710576, 0.0054269973, 0.021604946, 0.008342291, 0.0062041227, 0.013953909, -0.009789204, -0.013515972, 0.023476915, -0.016512841, 0.0188571, 0.0076553295, -0.018960143, 0.021209942, -0.016864909, -0.020076456, -0.023459742, 0.021089723, 0.0047572097, 0.0068567363, 0.013335643, 0.016890671, -0.006264232, 0.009256809, 0.018771227, 0.024576055, 0.030260662, 0.0047829705, 0.011077257, 0.00092793495, 0.015533921, -0.014580762, 0.0063930373, -2.539209e-05, 0.014632284, -0.001015952, -0.0076982644, 0.0053668884, -0.011566717, 0.035412874, -0.0039006544, -0.014786851, -0.011145953, -0.00798593, 0.008445336, 0.006388744, 0.006208416, 0.007543698, 0.0053368337, 0.006195536, 0.0032566278, -0.014907069, 0.012408245, 0.010330186, -0.002131728, 0.0057575977, 0.0052252025, 0.0074750017, -0.01937232, -0.004076688, 0.015697075, 0.010304425, -0.0055600964, -0.0024000723, 0.00015724983, 0.0009327652, -0.005886403, 0.0076166876, 0.01075095, -0.00936844, 0.012296614, -0.01075095, -0.0032673615, -0.041114658, -0.0013878773, 0.006002328, 0.006955487, 0.011429325, -0.0010787445, -0.028457388, 0.006332928, -0.0197158, 0.0046713394, -0.016993714, 0.00020501512, 0.01461511, 0.011695523, 0.0040036985, -0.0037654086, 0.0072130975, 0.017543284, -0.010622145, 0.0044523706, 0.015241963, -0.005053462, 0.018616661, 0.021948425, -0.0057189562, -0.0018140082, -0.00678804, 0.01340434, 0.008763055, -0.0077798413, -0.00028310335, 0.02285865, 0.008123322, -0.006096785, 0.0016218736, -0.0024172463, -0.008784522, -0.0013857306, -0.003902801, 0.007028477, 0.014580762, -0.010218555, -0.012734552, -0.016323928, -0.016770452, -0.016135013, 0.0041625584, -0.030999146, -0.013412927, 0.0006976955, 0.019904714, -0.0022412124, 0.008398106, -0.012846184, 0.003939296, 0.015851641, 0.0006043116, -0.022394951, -0.008213486, -0.019870367, 0.020540154, -0.003202959, 0.0006960854, -0.006208416, 0.004482425, 0.012579986, 0.0058005326, -0.0075136432, -0.0019030985, 0.010690841, -0.023494089, -0.0006096785, 0.0049804724, 0.010501927, 0.004239842, -0.005568683, -0.017861003, 0.016907845, 0.006105372, -0.010450405, 0.0025761062, 0.006229884, -0.023597134, -0.017964048, 0.00045323372, 0.015164679, -0.024198225, 0.004308538, -0.017603394, -0.008702946, 0.001298787, 0.035481572, -0.003202959, 0.00024835276, -0.0016894965, 0.0006719344, -0.020368414, 0.01268303, 0.002913147, -0.004203347, 0.0073204357, -0.016238056, -0.0019814551, 0.023768874, -0.018616661, 0.063509606, -0.008810284, 0.0051436257, 0.011369216, -0.00048355662, -0.013146729, -0.006903965, 0.0006043116, 0.008226366, 0.01605773, 0.0013503091, -0.0054441714, -0.007878592, 0.024318444, -0.020042107, 0.002012583, -0.014735328, -0.003492771, -0.027547164, -0.0067408117, 0.0046713394, 0.0048988955, -0.015345007, -0.001202183, 0.0056803143, 0.0047400356, -0.010252903, -0.012811836, 0.017328609, -0.012202157, 0.002702765, -0.010991387, 0.0010014613, -0.02315061, 0.03168611, 0.018633835, -0.009789204, 0.007857124, -0.015903164, -0.0014383261, -0.01775796, 8.949286e-05, 0.015259136, -0.024284096, -0.028388692, -0.017792307, 0.011317694, 0.02473062, -0.009256809, 0.0054871063, -0.03173763, 0.008763055, -0.011695523, -0.02931609, 0.015722835, 0.0031192354, -0.0038963608, 0.0072302716, 0.0003813174, 0.02357996, -0.0042827767, -0.008788816, -0.0035850813, 0.023442568, 0.012528464, 0.024284096, -0.008213486, -0.014108475, 0.014426195, -0.007878592, 0.013112381, -0.003954323, -0.0041453843, -0.007891472, 0.010948452, -0.021347335, -0.0075222305, 0.00508781, -0.0060109147, -0.011686936, 0.0022154516, -0.0004180806, -0.010991387, -0.015001526, 0.0057833586, -0.0024773555, 0.0054871063, -0.026585417, -4.166047e-05, -0.0039350023, -0.0007009156, 0.002887386, 0.0056974883, 0.017706437, 0.011171714, -0.00881887, 0.013301296, 0.0064703203, 0.006835269, -0.027873471, -0.014271629, 0.006113959, 0.011197476, 0.00028900692, -0.0017721464, 0.02265256, 0.015293485, -0.0036559242, 0.015611204, 0.011815741, -0.016246645, 0.0019535474, -0.009583116, 0.010373121, 0.015954684, 0.004138944, 0.011807154, 0.007359077, -0.005508574, -0.00088983006, -0.010295838, -0.00193852, -0.0015757184, -0.013679124, 0.015765771, 0.0051607997, -0.0076166876, 0.008522619, 0.009480071, 0.01640121, -0.0031686109, 0.006792334, 0.025554975, -0.014039779, 0.0096260505, -0.013533145, -0.008406694, -0.0020447844, -0.009419962, 0.027942168, -0.00977203, 0.0340733, 0.0017528257, 0.006564778, 0.005375475, 0.0035013577, -0.008174844, -0.010330186, 0.007921527, 0.021398857, -0.0025868402, -0.020866461, -0.011214649, -0.010647906, -0.017277086, 0.0051565063, -0.03599679, 0.008672891, -0.0140226055, -0.0022175983, 7.2411062e-06, 0.022360602, -0.02098668, 0.0020716188, 0.00066012726, 0.010295838, -0.01775796, 0.0007052091, 0.03412482, 0.024661925, -0.004499599, -0.0012461914, 0.0038276648, -0.0022905879, 0.014434783, 0.0014458396, -0.0010782079, 0.008973437, 0.002438714, -0.011686936, -0.0035850813, 0.009832139, 0.0029152937, -0.011601065, -0.030999146, -0.01937232, 0.009282569, -0.006350102, -0.0053797686, -0.0040509272, -0.010682254, -0.0068138014, 0.0015424436, -0.0109828, -0.012468355, -0.01193596, 0.0016111399, -0.0033317641, -0.017577631, 0.027169336, 0.00977203, -0.017345782, -0.0057962392, 0.003814784]"
